/*
SQLyog Community v13.2.1 (64 bit)
MySQL - 10.11.10-MariaDB-log : Database - u385461681_regalo_casorio
*********************************************************************
*/

/*!40101 SET NAMES utf8 */;

/*!40101 SET SQL_MODE=''*/;

/*!40014 SET @OLD_UNIQUE_CHECKS=@@UNIQUE_CHECKS, UNIQUE_CHECKS=0 */;
/*!40014 SET @OLD_FOREIGN_KEY_CHECKS=@@FOREIGN_KEY_CHECKS, FOREIGN_KEY_CHECKS=0 */;
/*!40101 SET @OLD_SQL_MODE=@@SQL_MODE, SQL_MODE='NO_AUTO_VALUE_ON_ZERO' */;
/*!40111 SET @OLD_SQL_NOTES=@@SQL_NOTES, SQL_NOTES=0 */;
CREATE DATABASE /*!32312 IF NOT EXISTS*/`u385461681_regalo_casorio` /*!40100 DEFAULT CHARACTER SET utf8mb4 COLLATE utf8mb4_unicode_ci */;

USE `u385461681_regalo_casorio`;

/*Table structure for table `admin_config` */

DROP TABLE IF EXISTS `admin_config`;

CREATE TABLE `admin_config` (
  `id` int(11) NOT NULL AUTO_INCREMENT,
  `nombre_carpeta` varchar(255) NOT NULL,
  `fecha_creacion` timestamp NULL DEFAULT current_timestamp(),
  PRIMARY KEY (`id`)
) ENGINE=InnoDB AUTO_INCREMENT=4 DEFAULT CHARSET=utf8mb4 COLLATE=utf8mb4_unicode_ci;

/*Data for the table `admin_config` */

LOCK TABLES `admin_config` WRITE;

insert  into `admin_config`(`id`,`nombre_carpeta`,`fecha_creacion`) values 
(1,'admini9o1w8UYBj','2025-02-17 19:59:24'),
(2,'adminA0KxlHeVGc','2025-02-19 21:31:24'),
(3,'adminnxVgH0L2at','2025-08-02 00:33:22');

UNLOCK TABLES;

/*Table structure for table `carrito` */

DROP TABLE IF EXISTS `carrito`;

CREATE TABLE `carrito` (
  `id` int(11) NOT NULL AUTO_INCREMENT,
  `session_id` varchar(255) DEFAULT NULL,
  `producto_id` int(11) DEFAULT NULL,
  `cantidad` int(11) DEFAULT 1,
  PRIMARY KEY (`id`),
  KEY `producto_id` (`producto_id`),
  CONSTRAINT `carrito_ibfk_1` FOREIGN KEY (`producto_id`) REFERENCES `productos` (`id`)
) ENGINE=InnoDB AUTO_INCREMENT=219 DEFAULT CHARSET=latin1 COLLATE=latin1_swedish_ci;

/*Data for the table `carrito` */

LOCK TABLES `carrito` WRITE;

insert  into `carrito`(`id`,`session_id`,`producto_id`,`cantidad`) values 
(1,'883f5b6b92b0462587357c61fe68b58b',68,1),
(15,'f4b52e1f37bc52e40ef19057ccc39bd4',2,1),
(25,'cb137f9930776bf4c765ed2bab0c2fcf',18,11),
(26,'cb137f9930776bf4c765ed2bab0c2fcf',40,1),
(27,'cb137f9930776bf4c765ed2bab0c2fcf',61,1),
(70,'f79064619c2fe8ef248e6efb889c7c80',3,1),
(86,'73dc87d530546d1c34875fa9a2640fc6',25,1),
(87,'73dc87d530546d1c34875fa9a2640fc6',74,1),
(111,'bc4ef059ee6df38c538af330fe06f43e',73,1),
(112,'bc4ef059ee6df38c538af330fe06f43e',74,1),
(113,'bc4ef059ee6df38c538af330fe06f43e',77,1),
(128,'8c1bbecc90eccd6be02c3dc30d47fbe2',25,2),
(129,'8e323cf87500f673099e5c6177fecc3d',56,1),
(130,'8e323cf87500f673099e5c6177fecc3d',55,2),
(134,'24af18b2ba86c9bb0a7d7a8b4903d0bf',71,2),
(146,'02cdc107aaf59d0775bac05d5bbb9a8b',74,1),
(148,'551515e3c9e53a2a2e1e1385b5d24196',41,1),
(152,'a62cf0fc9f3cbcf9985b6107e191acfc',51,1),
(156,'a62cf0fc9f3cbcf9985b6107e191acfc',48,1),
(158,'fd8af9fe309752826f5fdc01d250e219',24,1),
(162,'298bb12319d4b5b8ee72192ec3e82c32',53,1),
(163,'3572009fda58a2087653d3eecc4b77c8',71,1),
(164,'3572009fda58a2087653d3eecc4b77c8',1,1),
(165,'3572009fda58a2087653d3eecc4b77c8',5,1),
(170,'de9492fbeacc2894c359c2d71ff75c91',71,5),
(211,'3cbfada9b139d527e75d6befc55c9cf5',1,1),
(214,'f3b9996eaf7e8017a44d33288f2065cb',24,1),
(215,'33f5d500f0251b4ef1833a2daa7be114',15,1),
(216,'82788bc568994a37117c990b196c8545',1,1);

UNLOCK TABLES;

/*Table structure for table `cliente` */

DROP TABLE IF EXISTS `cliente`;

CREATE TABLE `cliente` (
  `user_id` int(11) NOT NULL,
  `nombre` varchar(50) NOT NULL,
  `apellido` varchar(50) NOT NULL,
  `telefono` varchar(20) DEFAULT NULL,
  `telefono2` varchar(20) DEFAULT NULL,
  `direccion` varchar(100) DEFAULT NULL,
  `cbu_titular` varchar(100) DEFAULT NULL,
  `cbu` varchar(22) DEFAULT NULL,
  `alias` varchar(100) DEFAULT NULL,
  `ciudad` varchar(100) DEFAULT NULL,
  `provincia` varchar(100) DEFAULT NULL,
  `plan` int(10) DEFAULT NULL
) ENGINE=InnoDB DEFAULT CHARSET=utf8mb4 COLLATE=utf8mb4_unicode_ci;

/*Data for the table `cliente` */

LOCK TABLES `cliente` WRITE;

insert  into `cliente`(`user_id`,`nombre`,`apellido`,`telefono`,`telefono2`,`direccion`,`cbu_titular`,`cbu`,`alias`,`ciudad`,`provincia`,`plan`) values 
(1,'Jose','',NULL,NULL,NULL,NULL,NULL,NULL,NULL,NULL,NULL);

UNLOCK TABLES;

/*Table structure for table `imagenes` */

DROP TABLE IF EXISTS `imagenes`;

CREATE TABLE `imagenes` (
  `id` int(11) NOT NULL AUTO_INCREMENT,
  `producto_id` int(11) DEFAULT NULL,
  `url` varchar(255) DEFAULT NULL,
  PRIMARY KEY (`id`),
  KEY `producto_id` (`producto_id`),
  CONSTRAINT `imagenes_ibfk_1` FOREIGN KEY (`producto_id`) REFERENCES `productos` (`id`)
) ENGINE=InnoDB AUTO_INCREMENT=82 DEFAULT CHARSET=latin1 COLLATE=latin1_swedish_ci;

/*Data for the table `imagenes` */

LOCK TABLES `imagenes` WRITE;

insert  into `imagenes`(`id`,`producto_id`,`url`) values 
(1,1,'heladera.jpg'),
(2,2,'microondas.jpg'),
(3,3,'mesa_provenzal.jpg'),
(4,4,'silla_provenzal.jpg'),
(5,5,'pasajes_aeros.jpg'),
(6,6,'hotel_all_inclusive.jpg'),
(7,7,'set_tazas_de_cafe.jpg'),
(8,8,'horno_grill_atma_30_litros.jpg'),
(9,9,'juego_de_toallas.jpg'),
(10,10,'lavarropas_carga_frontal_samsung_6_kg.jpg'),
(11,11,'pava_electrica.jpg'),
(12,12,'cafetera_dolce_gusto.jpg'),
(13,13,'puff.jpg'),
(14,14,'lampara_paz.jpg'),
(15,15,'banco.jpg'),
(16,16,'respaldo_de_cama.jpg'),
(17,17,'sillon.jpg'),
(18,18,'banqueta_de_cuero.jpg'),
(19,19,'traslado_aeropuerto.jpg'),
(20,20,'espejo_de_hierro.jpg'),
(21,21,'set_de_cubiertos.jpg'),
(22,22,'vela_aromatica.jpg'),
(23,23,'alfombra_de_bano.jpg'),
(24,24,'lampara.jpg'),
(25,25,'alfombra_de_yuste.jpg'),
(26,26,'sillon_de_un_cuerpo.jpg'),
(27,27,'silla_roble.jpg'),
(28,28,'licuadora.jpg'),
(29,29,'tostadora.jpg'),
(30,30,'cafetera_express_moderna.jpg'),
(31,31,'espumadora_de_leche.jpg'),
(32,32,'minipimer.jpg'),
(33,33,'batidora.jpg'),
(34,34,'masajes_en_la_playa.jpg'),
(35,35,'vasos_copones.jpg'),
(36,36,'vasos_de_cerveza.jpg'),
(37,37,'copas_de_vino.jpg'),
(38,38,'mantel_impermeable.jpg'),
(39,39,'individuales_de_mesa.jpg'),
(40,40,'individuales_de_yute.jpg'),
(41,41,'comoda_petibiri.jpg'),
(42,42,'vajillero_roma.jpg'),
(43,43,'mesa_ratona_petibiri.jpg'),
(44,44,'florero_de_ceramica.jpg'),
(45,45,'tazas_de_ceramica.jpg'),
(46,46,'platos_de_ceramica.jpg'),
(47,47,'noche_de_bodas.jpg'),
(48,48,'jarra_de_ceramica.jpg'),
(49,49,'perchero_de_pie.jpg'),
(50,50,'perchero.jpg'),
(51,51,'set_cazuela.jpg'),
(52,52,'juego_de_sabanas.jpg'),
(53,53,'plumon_de_microfibra.jpg'),
(54,54,'pie_de_cama.jpg'),
(55,55,'almohadones_plain.jpg'),
(56,56,'almohadon_de_algodon.jpg'),
(57,57,'cacerola_essen.jpg'),
(58,58,'canasto_organizadores.jpg'),
(59,59,'pizzera.jpg'),
(60,60,'tabla_de_madera_asado.jpg'),
(61,61,'plato_de_madera_cavado.jpg'),
(62,62,'set_de_cuchillos_de_ceramica.jpg'),
(63,63,'escurridor_seca_platos.jpg'),
(64,64,'freidora_de_aire.jpg'),
(65,65,'waflera_y_sanwichera.jpg'),
(66,66,'plancha_a_vapor.jpg'),
(67,67,'espejo_rectangular_de_hierr.jpg'),
(68,68,'smart_tv_4k_uhd_50.jpg'),
(69,69,'freezer_horizontal_gafa.jpg'),
(70,70,'split_inverter_lg.jpg'),
(71,71,'sommier_la_cardeuse.jpg'),
(72,72,'jarra_enlozada.jpg'),
(73,73,'cazuelas_enlozada.jpg'),
(74,74,'bolw_dips_enlozada.jpg'),
(75,75,'bolw_12_cm_enlozada.jpg'),
(76,76,'bolw_mediano_enlozada.jpg'),
(77,77,'plato_racion_enlozada.jpg'),
(78,78,'bolw_batidor_enlozada.jpg'),
(79,79,'espejo_para_bano.jpg'),
(80,80,'gabinete_para_bano_mercantil.jpg'),
(81,81,'vanitory_jame_estilo_restoration_hardware.jpg');

UNLOCK TABLES;

/*Table structure for table `info_casamiento` */

DROP TABLE IF EXISTS `info_casamiento`;

CREATE TABLE `info_casamiento` (
  `portada_titulo` varchar(255) DEFAULT NULL,
  `portada_frase` varchar(255) DEFAULT NULL,
  `portada_fecha` varchar(255) DEFAULT NULL,
  `portada_fecha_hora` datetime DEFAULT NULL
) ENGINE=InnoDB DEFAULT CHARSET=latin1 COLLATE=latin1_swedish_nopad_ci;

/*Data for the table `info_casamiento` */

LOCK TABLES `info_casamiento` WRITE;

insert  into `info_casamiento`(`portada_titulo`,`portada_frase`,`portada_fecha`,`portada_fecha_hora`) values 
('#Maria y #Jose','Nos casamos','El 8 de diciembre del 2025','2025-12-08 18:00:00');

UNLOCK TABLES;

/*Table structure for table `info_eventos` */

DROP TABLE IF EXISTS `info_eventos`;

CREATE TABLE `info_eventos` (
  `id` int(11) NOT NULL AUTO_INCREMENT,
  `fecha` date DEFAULT NULL,
  `titulo` varchar(255) DEFAULT NULL,
  `descripcion` text DEFAULT NULL,
  `direccion` varchar(255) DEFAULT NULL,
  `url` text DEFAULT NULL,
  `tipo_visual` enum('imagen','icono') DEFAULT 'imagen',
  `imagen` varchar(255) DEFAULT NULL,
  `icono` varchar(255) DEFAULT NULL,
  `orden` int(10) DEFAULT NULL,
  `activo` tinyint(1) DEFAULT 1,
  PRIMARY KEY (`id`)
) ENGINE=InnoDB AUTO_INCREMENT=7 DEFAULT CHARSET=latin1 COLLATE=latin1_swedish_ci;

/*Data for the table `info_eventos` */

LOCK TABLES `info_eventos` WRITE;

insert  into `info_eventos`(`id`,`fecha`,`titulo`,`descripcion`,`direccion`,`url`,`tipo_visual`,`imagen`,`icono`,`orden`,`activo`) values 
(1,'2025-12-09','Ceremonia','Parroquia San Luis Gonzaga.','Primer Tte. D. Manzotti 149, Manzanares.','https://maps.app.goo.gl/73ruD9VCUj2yUy7s9','imagen','1751236130_event-img-01.jpg','fas fa-cross',0,1),
(2,'2025-12-08','Fiesta','aaaaaaaaaaaaa','Chile 1963, La Lonja.','https://maps.app.goo.gl/XGvSZdx935V2rWgh7','imagen','1751236130_event-img-02.jpg','fas fa-music',0,1),
(3,'0000-00-00','Baile','Queremos que nos ayude en nuestro casamiento','','google.com','imagen','1751236144_event-img-03.jpg','fas fa-glass-cheers',0,1),
(4,'0000-00-00','Redes','Seguinos en nuestra red social','Podes?','https://www.feliyfacu.com/encuesta.html','icono','','fas fa-star-of-david',0,0),
(5,'0000-00-00','Instagram','Seguinos en instagram para estar al tanto de la preparación. Y así tambien despues no podes etiquetar en la foto que quieras','','https://www.instagram.com/talitakumkids','icono','','fab fa-instagram',0,0),
(6,'0000-00-00','Preguntas importantes','Queremos que nos ayude en nuestro casamiento','','','imagen','','fas fa-newspaper',0,0);

UNLOCK TABLES;

/*Table structure for table `info_historia` */

DROP TABLE IF EXISTS `info_historia`;

CREATE TABLE `info_historia` (
  `id` int(11) NOT NULL AUTO_INCREMENT,
  `fecha` date NOT NULL,
  `titulo` varchar(255) CHARACTER SET utf8mb4 COLLATE utf8mb4_unicode_ci NOT NULL,
  `texto` text CHARACTER SET utf8mb4 COLLATE utf8mb4_unicode_ci DEFAULT NULL,
  `activo` int(1) NOT NULL,
  PRIMARY KEY (`id`)
) ENGINE=InnoDB AUTO_INCREMENT=9 DEFAULT CHARSET=latin1 COLLATE=latin1_swedish_ci;

/*Data for the table `info_historia` */

LOCK TABLES `info_historia` WRITE;

insert  into `info_historia`(`id`,`fecha`,`titulo`,`texto`,`activo`) values 
(1,'2021-06-15','Nos conocimos','Una tarde de invierno, en una librería de San Telmo, nuestras vidas se cruzaron por casualidad. Sofía buscaba un libro de Cortázar, y Martín, sin pensarlo, le recomendó uno de Borges. Entre risas y charla sobre literatura, intercambiamos números.',1),
(2,'2021-07-10','Primera cita','Después de varias conversaciones por WhatsApp, nos animamos a salir. Nos encontramos en un café en Palermo, y entre café y medialunas, pasamos horas hablando de nuestros sueños y pasiones. Sentimos una conexión especial desde el primer momento.',1),
(3,'2021-12-24','Primeras fiestas juntos','Fue nuestra primera Navidad juntos. Nos conocimos un poco más al compartir con nuestras familias. En Año Nuevo, vimos los fuegos artificiales desde la Costanera y prometimos que el próximo año sería aún mejor.',1),
(4,'2022-05-15','Viaje a Bariloche','Decidimos hacer nuestro primer viaje juntos a Bariloche. Entre caminatas por los senderos del Llao Llao y chocolates calientes en el centro, nos dimos cuenta de lo bien que nos llevábamos en cualquier lugar.',1),
(5,'2022-10-02','Nos fuimos a vivir juntos','Después de un año y medio de relación, decidimos dar el siguiente paso: alquilamos un departamento en Belgrano. Aunque la convivencia tenía sus desafíos, amábamos compartir el día a día, desde cocinar juntos hasta elegir qué película ver cada noche.',1),
(6,'2023-02-14','Nos comprometimos','Martín preparó una sorpresa para el día de San Valentín. Me llevó a Tigre, a nuestro lugar favorito junto al río, y sacó un anillo. “¿Querés casarte conmigo?” preguntó, nervioso pero con una sonrisa. Sin dudarlo, dije que sí, entre lágrimas y abrazos.',1),
(7,'2023-09-15','Preparativos de la boda','Entre prueba de vestidos, elección del catering y lista de invitados, los meses pasaban volando. Queríamos que la boda reflejara nuestra historia, sencilla pero llena de amor.',1),
(8,'2024-10-20','El gran día','Después de tres años juntos, llegó el día que tanto soñamos. Con nuestras familias y amigos como testigos, nos dimos el “sí, quiero” en una hermosa ceremonia al aire libre. Bailamos hasta el amanecer, celebrando nuestro amor y el comienzo de una nueva etapa.',1);

UNLOCK TABLES;

/*Table structure for table `info_mostrar` */

DROP TABLE IF EXISTS `info_mostrar`;

CREATE TABLE `info_mostrar` (
  `id` int(11) NOT NULL AUTO_INCREMENT,
  `seccion` varchar(50) NOT NULL,
  `activo` tinyint(1) NOT NULL DEFAULT 1,
  PRIMARY KEY (`id`)
) ENGINE=InnoDB AUTO_INCREMENT=9 DEFAULT CHARSET=utf8mb4 COLLATE=utf8mb4_unicode_ci;

/*Data for the table `info_mostrar` */

LOCK TABLES `info_mostrar` WRITE;

insert  into `info_mostrar`(`id`,`seccion`,`activo`) values 
(1,'about',1),
(2,'story',0),
(3,'gallery',0),
(4,'events',1),
(5,'wedding',1),
(6,'contact',1),
(7,'cronometro',1),
(8,'logo',1);

UNLOCK TABLES;

/*Table structure for table `info_nosotros` */

DROP TABLE IF EXISTS `info_nosotros`;

CREATE TABLE `info_nosotros` (
  `id` int(11) NOT NULL AUTO_INCREMENT,
  `nombre` varchar(255) CHARACTER SET utf8mb4 COLLATE utf8mb4_unicode_ci DEFAULT NULL,
  `texto` text CHARACTER SET utf8mb4 COLLATE utf8mb4_unicode_ci DEFAULT NULL,
  `activo` int(1) NOT NULL,
  `orden` int(11) DEFAULT NULL,
  PRIMARY KEY (`id`)
) ENGINE=InnoDB AUTO_INCREMENT=6 DEFAULT CHARSET=latin1 COLLATE=latin1_swedish_ci;

/*Data for the table `info_nosotros` */

LOCK TABLES `info_nosotros` WRITE;

insert  into `info_nosotros`(`id`,`nombre`,`texto`,`activo`,`orden`) values 
(1,'Maria','está viviendo un momento único en su vida: está a punto de casarse con él, el hombre con quien comparte su presente y sueña su futuro. Desde siempre, imaginó este momento, pero ahora que está tan cerca, lo vive con emoción, nervios y mucha ilusión.\r\n\r\nEs diseñadora gráfica y ama todo lo relacionado con el arte y la creatividad. Su trabajo le permite expresar su estilo y crear piezas visuales que transmiten emociones. En su tiempo libre, le gusta pintar, hacer lettering y sacar fotos con su cámara analógica. También disfruta recorrer ferias de diseño y descubrir pequeños cafés escondidos en la ciudad.\r\n\r\nSofía es una persona sociable y cariñosa, siempre rodeada de amigos y familia. Organiza encuentros en su casa con mates y medialunas, y le encanta conversar durante horas. Es fanática de los libros de romance y siempre tiene uno en su cartera. También le gusta la música indie y el cine, en especial las películas con historias profundas y visuales impactantes.\r\n\r\nEn cuanto a su estilo de vida, es relajada pero organizada. Le gusta hacer yoga para desconectar del estrés y salir a caminar por la ciudad sin rumbo fijo. Disfruta cocinar, aunque admite que lo suyo son más los postres que las comidas elaboradas.\r\n\r\nAhora que está por casarse, Sofía siente que está en una montaña rusa de emociones. Quiere que la boda refleje su personalidad y que cada detalle sea especial. Más allá de la fiesta, lo que más le importa es la vida que va a construir con Martín, llena de amor, complicidad y proyectos en común.',1,NULL),
(2,'Jose','es un joven entusiasta y soñador que está a punto de dar uno de los pasos más importantes de su vida: casarse con el amor de su vida, María. Desde pequeño, siempre imaginó formar una familia y construir un hogar lleno de amor y compañerismo.\r\n\r\nLe encanta la tecnología y trabaja como ingeniero en una empresa de software, donde desarrolla aplicaciones móviles. Es una persona meticulosa, organizada y siempre busca mejorar las cosas a su alrededor. En su tiempo libre, disfruta de los videojuegos, salir a correr por los parques de Palermo y probar nuevas cafeterías con Sofía.\r\n\r\nSi bien es fanático de la tecnología, también le apasiona la música. Toca la guitarra desde los 15 años y siempre sueña con armar una banda con sus amigos. Tiene gustos variados: desde rock nacional hasta música indie. Además, le gusta el cine y tiene un especial cariño por las películas de ciencia ficción.\r\n\r\nEn cuanto a su estilo de vida, es una persona activa. Le gusta mantenerse en forma, pero no es de los que van religiosamente al gimnasio; prefiere deportes al aire libre como el fútbol y el ciclismo. También es un amante de la comida casera y suele preparar cenas especiales para Sofía los fines de semana.\r\n\r\nAhora que está a punto de casarse, José se siente emocionado y un poco nervioso. Quiere que todo salga perfecto, pero también ha aprendido a disfrutar del proceso. Sabe que el matrimonio no es solo una ceremonia, sino un viaje de aprendizaje y crecimiento junto a la persona que ama.',1,NULL);

UNLOCK TABLES;

/*Table structure for table `info_otra` */

DROP TABLE IF EXISTS `info_otra`;

CREATE TABLE `info_otra` (
  `id` int(11) NOT NULL AUTO_INCREMENT,
  `titulo` varchar(255) NOT NULL,
  `descripcion` text NOT NULL,
  `direccion` varchar(255) NOT NULL,
  `url` varchar(255) NOT NULL,
  `icono` varchar(255) NOT NULL,
  `activo` tinyint(1) DEFAULT 1,
  `orden` int(10) NOT NULL,
  PRIMARY KEY (`id`)
) ENGINE=InnoDB AUTO_INCREMENT=7 DEFAULT CHARSET=latin1 COLLATE=latin1_swedish_ci;

/*Data for the table `info_otra` */

LOCK TABLES `info_otra` WRITE;

insert  into `info_otra`(`id`,`titulo`,`descripcion`,`direccion`,`url`,`icono`,`activo`,`orden`) values 
(3,'Dress Codes','Queremos que nos ayude en nuestro casamiento','','','fab fa-instagram',1,2),
(4,'Redes','Seguinos en nuestra red social','Podes?','https://www.feliyfacu.com/encuesta.html','fas fa-star-of-david',1,4),
(5,'Instagram','Seguinos en instagram para estar al tanto de la preparación. Y así tambien despues no podes etiquetar en la foto que quieras','','https://www.instagram.com/talitakumkids','fab fa-instagram',0,5),
(6,'Preguntas importantes','Queremos que nos ayude en nuestro casamiento','','','fas fa-car',0,6);

UNLOCK TABLES;

/*Table structure for table `intivados_acompanante` */

DROP TABLE IF EXISTS `intivados_acompanante`;

CREATE TABLE `intivados_acompanante` (
  `id` int(11) NOT NULL AUTO_INCREMENT,
  `categoria_acompanante` varchar(25) NOT NULL,
  PRIMARY KEY (`id`)
) ENGINE=InnoDB AUTO_INCREMENT=6 DEFAULT CHARSET=latin1 COLLATE=latin1_swedish_ci;

/*Data for the table `intivados_acompanante` */

LOCK TABLES `intivados_acompanante` WRITE;

insert  into `intivados_acompanante`(`id`,`categoria_acompanante`) values 
(1,'Solo/a'),
(2,'Flia'),
(3,'Novio/a'),
(4,'Sr/a'),
(5,'Amigo/a');

UNLOCK TABLES;

/*Table structure for table `invitaciones_estado` */

DROP TABLE IF EXISTS `invitaciones_estado`;

CREATE TABLE `invitaciones_estado` (
  `id` int(11) NOT NULL AUTO_INCREMENT,
  `id_invitado` int(11) NOT NULL,
  `id_invitados_tel` int(11) NOT NULL,
  `fecha_envio` datetime DEFAULT NULL,
  `estado_api` varchar(20) DEFAULT NULL,
  `detalle_api` text DEFAULT NULL,
  PRIMARY KEY (`id`)
) ENGINE=InnoDB AUTO_INCREMENT=24 DEFAULT CHARSET=utf8mb4 COLLATE=utf8mb4_unicode_ci;

/*Data for the table `invitaciones_estado` */

LOCK TABLES `invitaciones_estado` WRITE;

insert  into `invitaciones_estado`(`id`,`id_invitado`,`id_invitados_tel`,`fecha_envio`,`estado_api`,`detalle_api`) values 
(1,278,443,'2025-08-01 06:21:27','enviado','{\"messaging_product\":\"whatsapp\",\"contacts\":[{\"input\":\"549999999999\",\"wa_id\":\"5499999999999\"}],\"messages\":[{\"id\":\"wamid.HBgNNTQ5OTk5OTk5OTk5ORUCABEYEkE1ODU1QkRENjFBMDZGMUI0MwA=\",\"message_status\":\"accepted\"}]}'),
(2,436,389,'2025-08-01 06:21:29','enviado','{\"messaging_product\":\"whatsapp\",\"contacts\":[{\"input\":\"541478526985\",\"wa_id\":\"5491478526985\"}],\"messages\":[{\"id\":\"wamid.HBgNNTQ5MTQ3ODUyNjk4NRUCABEYEkVDNTQzMDU0NUQyNjA5MkZDQQA=\",\"message_status\":\"accepted\"}]}'),
(3,436,390,'2025-08-01 06:21:31','enviado','{\"messaging_product\":\"whatsapp\",\"contacts\":[{\"input\":\"547478569874\",\"wa_id\":\"5497478569874\"}],\"messages\":[{\"id\":\"wamid.HBgNNTQ5NzQ3ODU2OTg3NBUCABEYEjk1MDk4MDVCQjgyODU2MjQxMwA=\",\"message_status\":\"accepted\"}]}'),
(4,442,430,'2025-08-01 06:21:33','enviado','{\"messaging_product\":\"whatsapp\",\"contacts\":[{\"input\":\"541131648789\",\"wa_id\":\"5491131648789\"}],\"messages\":[{\"id\":\"wamid.HBgNNTQ5MTEzMTY0ODc4ORUCABEYEjE0QkUzRTMzRjczQkI2MEM0MwA=\",\"message_status\":\"accepted\"}]}'),
(5,270,257,'2025-08-01 06:21:35','enviado','{\"messaging_product\":\"whatsapp\",\"contacts\":[{\"input\":\"549999999999\",\"wa_id\":\"5499999999999\"}],\"messages\":[{\"id\":\"wamid.HBgNNTQ5OTk5OTk5OTk5ORUCABEYEjZFQjcwMkI5NUMwRDg5QjFBNgA=\",\"message_status\":\"accepted\"}]}'),
(6,37,405,'2025-08-01 06:21:37','enviado','{\"messaging_product\":\"whatsapp\",\"contacts\":[{\"input\":\"541131648789\",\"wa_id\":\"5491131648789\"}],\"messages\":[{\"id\":\"wamid.HBgNNTQ5MTEzMTY0ODc4ORUCABEYEkUzREQ5OTcxRDlFODBBRDVBNQA=\",\"message_status\":\"accepted\"}]}'),
(7,25,431,'2025-08-01 06:21:39','error','{\"messaging_product\":\"whatsapp\",\"contacts\":[{\"input\":\"541131648789\",\"wa_id\":\"5491131648789\"}],\"messages\":[{\"id\":\"wamid.HBgNNTQ5MTEzMTY0ODc4ORUCABEYEkVGOTU1RjY2NjVFOTI3Q0U0MAA=\",\"message_status\":\"accepted\"}]}'),
(8,117,436,'2025-08-01 06:32:30','enviado','{\"messaging_product\":\"whatsapp\",\"contacts\":[{\"input\":\"541111111111\",\"wa_id\":\"541111111111\"}],\"messages\":[{\"id\":\"wamid.HBgMNTQxMTExMTExMTExFQIAERgSRThDNjk3MjA2RDNBRjhBRjM0AA==\",\"message_status\":\"accepted\"}]}'),
(9,273,437,'2025-08-01 06:32:32','enviado','{\"messaging_product\":\"whatsapp\",\"contacts\":[{\"input\":\"541111111111\",\"wa_id\":\"541111111111\"}],\"messages\":[{\"id\":\"wamid.HBgMNTQxMTExMTExMTExFQIAERgSMzI4MDgwNEQxRjE1QThERDI5AA==\",\"message_status\":\"accepted\"}]}'),
(10,25,431,'2025-08-01 06:39:15','error','{\"messaging_product\":\"whatsapp\",\"contacts\":[{\"input\":\"541131648789\",\"wa_id\":\"5491131648789\"}],\"messages\":[{\"id\":\"wamid.HBgNNTQ5MTEzMTY0ODc4ORUCABEYEjlDQTczRkM0NjNFNUE2MTA2RAA=\",\"message_status\":\"accepted\"}]}'),
(11,25,431,'2025-08-01 06:52:16','error','{\"error\":{\"message\":\"The access token could not be decrypted\",\"type\":\"OAuthException\",\"code\":190,\"fbtrace_id\":\"AcadXGTBVGNcXky37GM4ka1\"}}'),
(12,25,431,'2025-08-01 06:53:48','error','{\"error\":{\"message\":\"The access token could not be decrypted\",\"type\":\"OAuthException\",\"code\":190,\"fbtrace_id\":\"A3_D-hz8cnftEryPz2-C8Mx\"}}'),
(13,25,431,'2025-08-01 06:55:46','enviado','{\"messaging_product\":\"whatsapp\",\"contacts\":[{\"input\":\"541131648789\",\"wa_id\":\"5491131648789\"}],\"messages\":[{\"id\":\"wamid.HBgNNTQ5MTEzMTY0ODc4ORUCABEYEjdDNUZERTNENDg4RDRCMEE0NgA=\",\"message_status\":\"accepted\"}]}'),
(14,1,394,'2025-08-01 22:54:36','error','{\"messaging_product\":\"whatsapp\",\"contacts\":[{\"input\":\"541131648789\",\"wa_id\":\"5491131648789\"}],\"messages\":[{\"id\":\"wamid.HBgNNTQ5MTEzMTY0ODc4ORUCABEYEkVFQjg1Q0UyMDI5REY5RTI4MAA=\",\"message_status\":\"accepted\"}]}'),
(15,1,394,'2025-08-01 23:03:52','error','{\"error\":{\"message\":\"The parameter to is required.\",\"type\":\"OAuthException\",\"code\":100,\"fbtrace_id\":\"AuwxVA2LPrX4U-1iIzOzyH3\"}}'),
(16,1,394,'2025-08-01 23:04:47','error','{\"messaging_product\":\"whatsapp\",\"contacts\":[{\"input\":\"541131648789\",\"wa_id\":\"5491131648789\"}],\"messages\":[{\"id\":\"wamid.HBgNNTQ5MTEzMTY0ODc4ORUCABEYEkE1ODA0QTBBRTc2MEYyOUEzOQA=\",\"message_status\":\"accepted\"}]}'),
(17,1,394,'2025-08-01 23:17:30','error','{\"messaging_product\":\"whatsapp\",\"contacts\":[{\"input\":\"541131648789\",\"wa_id\":\"5491131648789\"}],\"messages\":[{\"id\":\"wamid.HBgNNTQ5MTEzMTY0ODc4ORUCABEYEkY1MzU5NEIyMkE5MzU5NDcxRgA=\",\"message_status\":\"accepted\"}]}'),
(18,1,394,'2025-08-01 23:20:46','error','{\"messaging_product\":\"whatsapp\",\"contacts\":[{\"input\":\"541131648789\",\"wa_id\":\"5491131648789\"}],\"messages\":[{\"id\":\"wamid.HBgNNTQ5MTEzMTY0ODc4ORUCABEYEjFDNDA2MTZCMEU0NjdEMzZFQwA=\",\"message_status\":\"accepted\"}]}'),
(19,1,394,'2025-08-01 23:22:27','error','{\"messaging_product\":\"whatsapp\",\"contacts\":[{\"input\":\"541131648789\",\"wa_id\":\"5491131648789\"}],\"messages\":[{\"id\":\"wamid.HBgNNTQ5MTEzMTY0ODc4ORUCABEYEkY4MUVDQzdBMzBBRUVCRDY0RAA=\",\"message_status\":\"accepted\"}]}'),
(20,1,394,'2025-08-01 23:32:44','enviado','{\"messaging_product\":\"whatsapp\",\"contacts\":[{\"input\":\"541131648789\",\"wa_id\":\"5491131648789\"}],\"messages\":[{\"id\":\"wamid.HBgNNTQ5MTEzMTY0ODc4ORUCABEYEjc1ODA4NjAzOTk0RjcyNjU5OQA=\",\"message_status\":\"accepted\"}]}'),
(21,3,1,'2025-08-01 23:35:43','error','{\"messaging_product\":\"whatsapp\",\"contacts\":[{\"input\":\"541131648789\",\"wa_id\":\"5491131648789\"}],\"messages\":[{\"id\":\"wamid.HBgNNTQ5MTEzMTY0ODc4ORUCABEYEkUwNjA1QzA2RjJGOTI4REQwOQA=\",\"message_status\":\"accepted\"}]}'),
(22,3,1,'2025-08-04 01:54:21','error','{\"messaging_product\":\"whatsapp\",\"contacts\":[{\"input\":\"541131648789\",\"wa_id\":\"5491131648789\"}],\"messages\":[{\"id\":\"wamid.HBgNNTQ5MTEzMTY0ODc4ORUCABEYEjE3MUFFRjhBMkVDRTgwQjdENQA=\",\"message_status\":\"accepted\"}]}'),
(23,3,1,'2025-08-05 20:54:04','enviado','{\"messaging_product\":\"whatsapp\",\"contacts\":[{\"input\":\"541131648789\",\"wa_id\":\"5491131648789\"}],\"messages\":[{\"id\":\"wamid.HBgNNTQ5MTEzMTY0ODc4ORUCABEYEkJDOENBM0FGMEU5M0M4NkZEQwA=\",\"message_status\":\"accepted\"}]}');

UNLOCK TABLES;

/*Table structure for table `invitados` */

DROP TABLE IF EXISTS `invitados`;

CREATE TABLE `invitados` (
  `id` int(11) NOT NULL AUTO_INCREMENT,
  `nombre` varchar(25) NOT NULL,
  `apellido` varchar(25) NOT NULL,
  `activo` tinyint(1) NOT NULL DEFAULT 1,
  `acompanado` int(11) NOT NULL,
  `cantidad_mayores` int(11) NOT NULL,
  `id_prioridad` int(11) NOT NULL,
  `ingreso` varchar(25) NOT NULL,
  `cantidad_menores` int(11) NOT NULL,
  `fecha_registro` date NOT NULL,
  `confirmacion` varchar(25) DEFAULT NULL,
  `confirmacion_fecha` datetime DEFAULT NULL,
  `confirmacion_comentario` text DEFAULT NULL,
  `confirmacion_mayores` int(11) DEFAULT NULL,
  `confirmacion_menores` int(11) DEFAULT NULL,
  `alimento` varchar(15) DEFAULT NULL,
  `codigo` varchar(10) DEFAULT NULL,
  PRIMARY KEY (`id`)
) ENGINE=InnoDB AUTO_INCREMENT=483 DEFAULT CHARSET=latin1 COLLATE=latin1_swedish_ci;

/*Data for the table `invitados` */

LOCK TABLES `invitados` WRITE;

insert  into `invitados`(`id`,`nombre`,`apellido`,`activo`,`acompanado`,`cantidad_mayores`,`id_prioridad`,`ingreso`,`cantidad_menores`,`fecha_registro`,`confirmacion`,`confirmacion_fecha`,`confirmacion_comentario`,`confirmacion_mayores`,`confirmacion_menores`,`alimento`,`codigo`) values 
(1,'Agustin','Tornquist',1,1,1,2,'Inicio',0,'2023-01-29','Si','2025-07-08 03:29:16','',1,0,'Otro','727209'),
(2,'Agustin','Niz',1,1,1,3,'Inicio',0,'2023-01-29',NULL,NULL,NULL,NULL,NULL,NULL,'940609'),
(3,'Agustina','Gay',1,1,1,2,'Inicio',0,'2023-01-29','Si','2023-11-10 02:14:20','',1,0,'No','521420'),
(4,'Aldo','Herrera',0,1,2,1,'Inicio',0,'2023-01-29','Si','2025-02-24 21:54:33','',2,0,'No','785275'),
(5,'Alejandro','Ramirez',0,2,3,1,'Inicio',0,'2023-01-29','Si','2025-02-24 21:07:51','',3,0,'No','362112'),
(6,'Alexis','Aguedo',0,1,1,2,'Inicio',0,'2023-01-29','Si','2023-11-02 19:20:02','',1,0,'No','454737'),
(7,'Ana','Lankes',1,1,1,3,'Inicio',0,'2023-01-29','Si','2023-11-26 21:34:18','',1,0,'No','187348'),
(8,'Andi','Chiappara',1,1,1,3,'Tarde',0,'2023-01-29','Si','2023-11-10 00:16:11','',1,0,'No','572533'),
(9,'Anita','Morando',1,1,1,3,'Inicio',0,'2023-01-29','Si','2023-10-12 14:42:33','',1,0,'No','300618'),
(10,'Argentino','Balbiani',0,1,1,3,'Inicio',0,'2023-01-29','Si','2023-10-27 01:11:30','',1,0,'No','785493'),
(11,'Ari','Jacobo',1,1,1,2,'Inicio',0,'2023-01-29','Si','2023-10-12 15:32:52','',1,0,'No','025612'),
(12,'Ariel','Abal',0,1,1,3,'Inicio',0,'2023-01-29','Si','2023-11-21 14:10:35','',1,0,'No','771583'),
(13,'Ariel','Zalazar',1,1,1,3,'Inicio',0,'2023-01-29','No','2023-11-19 21:05:35','',0,0,'No','781078'),
(14,'Baustista','Pintos',1,1,1,3,'Tarde',0,'2023-01-29','Si','2023-10-15 09:47:36','',1,0,'No','590640'),
(15,'Belen','Guiraldes',1,2,2,2,'Inicio',0,'2023-01-29','Si','2023-10-15 13:48:25','',2,0,'No','609966'),
(16,'Blanca','Nunez',1,3,1,1,'Inicio',0,'2023-01-29','Si','2023-10-13 01:13:16','',1,0,'No','277912'),
(17,'Jorge Cala','Calandri',1,1,1,3,'Inicio',0,'2023-01-29','Si','2023-11-16 02:31:15','',1,0,'No','559662'),
(18,'Carlos','Videla',0,1,1,4,'Tarde',0,'2023-01-29',NULL,NULL,NULL,NULL,NULL,NULL,'964573'),
(19,'Carlos','Villalba',0,1,1,4,'Tarde',0,'2023-01-29',NULL,NULL,NULL,NULL,NULL,NULL,'143882'),
(20,'Cristian','Duran',1,1,1,2,'Inicio',0,'2023-01-29','Si','2023-10-17 04:08:32','',1,0,'No','825691'),
(21,'Cristian','Torres Ceola',1,1,1,1,'Inicio',0,'2023-01-29','Si','2023-11-18 21:14:24','',1,0,'No','696809'),
(22,'Daira','Ricau Musi',1,1,1,2,'Inicio',0,'2023-01-29','Si','2023-10-13 16:23:29','',1,0,'Celiaco','006973'),
(23,'Daniel','Bearzotti',0,3,2,1,'Inicio',0,'2023-01-29','Si','2023-10-12 14:41:18','',2,0,'No','944438'),
(24,'Diego','Belaustegui',0,1,1,3,'Inicio',0,'2023-01-29','No','2023-11-18 21:03:26','',0,0,'No','701273'),
(25,'Diego','Silva',1,2,3,1,'Inicio',1,'2023-01-29','Si','2023-10-12 12:54:55','',3,1,'No','673049'),
(26,'Emanuel','Vandoni',1,1,2,2,'Inicio',0,'2023-01-29','Si','2023-11-25 21:56:28','',2,0,'No','261426'),
(27,'Gustavo','Ziegembei',1,1,1,3,'Inicio',0,'2023-01-29','No','2023-11-21 14:10:36','',1,0,'No','287985'),
(28,'Exequiel','Fernandez',1,1,1,2,'Inicio',0,'2023-01-29','Si','2023-10-12 14:57:28','',1,0,'No','655647'),
(29,'Fabian','Garcia',1,1,1,3,'Inicio',0,'2023-01-29','No','2023-11-28 20:51:41','',0,0,'No','414279'),
(30,'Fati','Diaz',0,1,1,4,'Tarde',0,'2023-01-29',NULL,NULL,NULL,NULL,NULL,NULL,'104455'),
(31,'Ricardo Juan','Chillado Biaus',0,1,1,2,'Inicio',0,'2023-01-29','Si','2023-10-18 16:55:05','',1,0,'No','279439'),
(32,'Federico','Aranda',1,3,1,1,'Inicio',0,'2023-01-29','Si','2023-10-22 02:43:35','',1,0,'No','083829'),
(33,'Fernando','Black',0,3,3,2,'Inicio',0,'2023-01-29','Si','2023-10-17 15:03:27','',2,0,'No','580829'),
(34,'Fernando','Duarte Erro',0,1,1,3,'Inicio',0,'2023-01-29','No','2023-11-19 21:05:34','',0,0,'No','652660'),
(35,'Fernando','Irastorza',1,1,1,3,'Inicio',0,'2023-01-29','Si','2023-10-12 16:12:39','',1,0,'No','520812'),
(36,'Fernando','Macri',1,1,1,2,'Inicio',0,'2023-01-29','Si','2023-10-13 18:02:14','',1,0,'No','646082'),
(37,'Fidel','Romero',1,4,2,1,'Inicio',0,'2023-01-29','Si','2025-07-31 02:07:38','Esta prueba es para ver si se registra despues de todas las modificaciones que hice',2,0,'Vegetariano','667972'),
(38,'Fini','Castrillo',1,1,1,3,'Tarde',0,'2023-01-29','No','2023-10-19 15:48:38','',0,0,'No','401616'),
(39,'Francisco','Bobo',1,3,2,1,'Inicio',0,'2023-01-29','Si','2023-10-12 15:21:42','',2,0,'No','004165'),
(40,'Francisco','Casalins',1,1,1,3,'Inicio',0,'2023-01-29','Si','2023-11-10 14:33:02','',1,0,'No','815976'),
(41,'Francisco','Chiappara',1,1,1,1,'Inicio',0,'2023-01-29','Si','2023-11-18 21:14:23','',1,0,'No','067384'),
(42,'Franco','Gabiassi Vilas',1,1,1,1,'Inicio',0,'2023-01-29','Si','2023-10-12 16:27:14','',1,0,'No','888995'),
(43,'Gabriela','Huiza',1,1,2,3,'Inicio',0,'2023-01-29','Si','2023-11-10 02:16:57','',2,0,'No','242823'),
(44,'Gaston','Alvarez',1,1,1,2,'Inicio',0,'2023-01-29','Si','2023-11-19 21:14:20','',1,0,'No','547132'),
(45,'Hugo Martin','Pietrantueno',1,1,1,2,'Inicio',0,'2023-01-29','No','2023-10-12 15:04:57','',0,0,'No','007191'),
(46,'Ignacio','Bravo',0,1,1,4,'Tarde',0,'2023-01-29',NULL,NULL,NULL,NULL,NULL,NULL,'394561'),
(47,'Isidoro','Vallejo',1,1,1,2,'Inicio',0,'2023-01-29','Si','2023-11-21 18:49:14','',1,0,'No','951230'),
(48,'Isidro','Chillado Biaus',1,1,1,1,'Inicio',0,'2023-01-29','Si','2023-10-12 14:59:40','',1,0,'No','572468'),
(49,'Jacinto','Tyrrell',1,3,1,2,'Inicio',0,'2023-01-29','Si','2023-10-15 13:44:58','',1,0,'No','008651'),
(50,'Joaquin','Ramirez Torres',1,3,1,1,'Inicio',0,'2023-01-29','Si','2023-11-18 21:14:24','',1,0,'No','325850'),
(51,'Jorge','Canteros',1,3,2,1,'Inicio',0,'2023-01-29','Si','2023-11-10 23:36:23','',2,0,'No','603300'),
(52,'Jose','Chillado Biaus',1,3,2,1,'Tarde',0,'2023-01-29','Si','2023-11-16 21:49:42','',2,0,'No','038951'),
(53,'Jose (p)','Chillado Biaus',1,4,2,2,'Tarde',0,'2023-01-29','Si','2023-10-12 17:56:34','',2,0,'No','384853'),
(54,'Jose','Sampaio',1,1,1,3,'Inicio',0,'2023-01-29','No','2023-11-10 02:42:18','',0,0,'No','807412'),
(55,'Jose','Sarratea',1,2,2,1,'Inicio',1,'2023-01-29','Si','2023-10-12 13:33:36','',2,1,'No','882501'),
(56,'Josefina','Matho',1,1,1,2,'Inicio',0,'2023-01-29','Si','2023-10-12 17:55:14','',1,0,'No','990270'),
(57,'Juan','Acosta',0,1,1,3,'Inicio',0,'2023-01-29','Si','2023-11-21 14:10:35','',1,0,'No','303846'),
(58,'Juan','Chillado Biaus',1,3,2,1,'Inicio',0,'2023-01-29','Si','2023-10-12 13:25:10','',2,0,'No','548422'),
(59,'Juan Facundo','Armendares',1,1,1,1,'Inicio',0,'2023-01-29','Si','2023-10-12 16:24:58','',1,0,'No','830571'),
(60,'Juan Marco','Bearzotti',1,1,1,1,'Inicio',0,'2023-01-29','Si','2023-11-18 21:14:23','',1,0,'No','507592'),
(61,'Juan Martin','Alvez',1,1,1,3,'Inicio',0,'2023-01-29','Si','2023-11-10 01:44:33','',1,0,'No','046247'),
(62,'Juan Miguel','Gonzalez',1,2,2,1,'Inicio',1,'2023-01-29','Si','2023-10-12 13:48:15','Jajaja sirenil como la\r\nNovia aunq ese día tenemos permitido ',2,1,'Otro','708460'),
(63,'Juan Pedro','Altamiranda',1,1,2,1,'Inicio',0,'2023-01-29','Si','2023-11-19 19:34:05','',2,0,'No','403558'),
(64,'Juan Tomas','Hughes',1,1,1,1,'Inicio',0,'2023-01-29','Si','2023-10-22 02:37:39','',1,0,'No','892412'),
(65,'Juan','Tyrrell',1,3,2,2,'Inicio',0,'2023-01-29','Si','2023-11-10 02:23:47','',2,0,'No','251385'),
(66,'Julieta','Braustein',0,1,1,4,'Tarde',0,'2023-01-29',NULL,NULL,NULL,NULL,NULL,NULL,'579692'),
(67,'Justino','Guiraldes',1,1,1,3,'Inicio',0,'2023-01-29','No','2023-11-26 21:33:04','',0,0,'No','144304'),
(68,'Laura','Ferreyra',1,1,2,2,'Inicio',0,'2023-01-29','No','2023-11-18 21:03:26','',0,0,'No','982444'),
(69,'Leo','Martinez',1,3,2,1,'Inicio',0,'2023-01-29','Si','2023-10-16 20:31:04','',2,0,'No','479311'),
(70,'Leonardo','Dibar',1,1,1,3,'Inicio',0,'2023-01-29','Si','2023-11-10 02:22:03','',1,0,'No','449221'),
(71,'Leonardo','Pane',1,1,1,2,'Inicio',0,'2023-01-29','Si','2023-11-10 02:27:28','',1,0,'No','808175'),
(72,'Leonel','Crainich',1,1,1,2,'Inicio',0,'2023-01-29','Si','2023-11-21 12:06:23','',1,0,'No','693210'),
(73,'Luis','Gomez',1,3,2,1,'Inicio',0,'2023-01-29','Si','2023-10-26 02:16:55','',2,0,'No','041526'),
(74,'Luis','Hendrie',1,3,2,2,'Inicio',0,'2023-01-29','No','2023-11-10 23:47:56','',0,0,'No','128002'),
(75,'Luisina','Ricau Musi',1,1,1,2,'Inicio',0,'2023-01-29','Si','2023-10-29 22:32:16','',1,0,'No','515430'),
(76,'Lulo','Pierri Alfonsin',1,1,1,2,'Inicio',0,'2023-01-29','No','2023-11-25 21:31:33','',0,0,'No','193146'),
(77,'Marcelo','Crudo',1,1,1,2,'Inicio',0,'2023-01-29','Si','2023-11-10 11:57:24','',1,0,'No','419440'),
(78,'Marcos','Grisolia',1,1,1,3,'Inicio',0,'2023-01-29','Si','2023-11-10 15:22:00','',1,0,'No','517761'),
(79,'Marcos','Manzanelli',1,1,1,1,'Inicio',0,'2023-01-29','Si','2023-11-10 03:05:48','',1,0,'No','330486'),
(80,'Martin','Aranguren',0,2,2,1,'Inicio',3,'2023-01-29','Si','2023-10-12 14:37:07','',2,3,'No','099147'),
(81,'Matias','Ramirez',1,1,1,3,'Inicio',0,'2023-01-29','Si','2023-11-21 14:10:35','',1,0,'No','504277'),
(82,'Mauricio','Gallegos',1,1,2,3,'Inicio',0,'2023-01-29','No','2023-11-10 23:46:51','',0,0,'No','223946'),
(83,'Maxi','Gauna',1,1,1,3,'Inicio',0,'2023-01-29','Si','2023-10-23 13:52:06','',1,0,'No','606900'),
(84,'Micaela','Bassi',0,1,1,4,'Tarde',0,'2023-01-29',NULL,NULL,NULL,NULL,NULL,NULL,'362662'),
(85,'Milagros','Cuniberti (prima Azu)',0,1,1,4,'Tarde',0,'2023-01-29',NULL,NULL,NULL,NULL,NULL,NULL,'992609'),
(86,'Nacho','Fernandez',1,1,1,3,'Inicio',0,'2023-01-29','Si','2023-11-18 21:19:56','',1,0,'No','875062'),
(87,'Nacho','Garcia Balcarce',1,1,1,3,'Inicio',0,'2023-01-29','No','2023-11-10 16:05:24','',0,0,'No','397482'),
(88,'Nicolas','Centi',1,1,1,3,'Inicio',0,'2023-01-29','No','2023-11-18 21:03:26','',0,0,'No','362225'),
(89,'Nicolas','Marticorena',1,1,1,3,'Inicio',0,'2023-01-29','No','2023-10-25 16:46:52','',0,0,'No','618679'),
(90,'Oscar','Perez',1,3,2,1,'Inicio',0,'2023-01-29','Si','2023-10-12 13:51:09','',2,0,'No','006721'),
(91,'Pablo','Alvis Rojas',0,1,1,3,'Inicio',0,'2023-01-29','Si','2023-11-03 11:39:03','',1,0,'No','177569'),
(92,'Ricardo','Boero Mansilla',1,1,1,3,'Inicio',0,'2023-01-29','No','2023-10-18 16:52:01','',0,0,'No','867681'),
(93,'Rodolfo','Roldan',1,1,1,1,'Inicio',0,'2023-01-29','Si','2023-10-25 21:03:39','sushi 5 piezas y nada de negros de mercedes por favor',1,0,'Vegetariano','805700'),
(94,'Sandra','Vazquez',1,1,1,1,'Inicio',0,'2023-01-29','Si','2023-10-13 01:46:51','',1,0,'No','425455'),
(95,'Santiago','Buteler',1,1,1,3,'Tarde',0,'2023-01-29','Si','2023-11-23 00:44:58','',1,0,'No','710177'),
(96,'Santiago','Jacobo',1,1,1,2,'Inicio',0,'2023-01-29','No','2023-10-25 16:47:40','',0,0,'No','274522'),
(97,'Sebastian','Chillado Biaus',1,1,1,1,'Inicio',0,'2023-01-29','Si','2023-10-21 01:07:39','',1,0,'No','242077'),
(98,'Simon','Campo',1,4,2,3,'Inicio',0,'2023-01-29','No','2023-11-10 23:47:21','',0,0,'No','386819'),
(99,'Simon','Lopez',0,3,2,3,'Inicio',0,'2023-01-29','Si','2023-11-01 12:14:27','',2,0,'No','207866'),
(100,'Sofia','Chillado Biaus',1,1,1,2,'Tarde',0,'2023-01-29','Si','2023-10-12 16:35:21','',1,0,'No','878873'),
(101,'Tadeo','Guiraldes',1,1,1,3,'Inicio',0,'2023-01-29','Si','2023-11-26 22:32:36','',1,0,'No','770769'),
(102,'Tomas','Callaba',1,1,1,1,'Inicio',0,'2023-01-29','Si','2023-11-10 02:50:05','',1,0,'No','217225'),
(103,'Victo','Guiraldes',1,1,1,3,'Inicio',0,'2023-01-29','Si','2023-10-16 22:41:34','',1,0,'No','773817'),
(104,'Victoria','Bravo',0,1,1,3,'Inicio',0,'2023-01-29','No','2023-10-19 18:46:55','',0,0,'No','217412'),
(105,'Victoria','Roldan',1,1,1,3,'Inicio',0,'2023-01-29','Si','2023-10-12 20:16:19','',1,0,'No','765609'),
(106,'Vito Hugo','Gonzalez',1,4,2,1,'Inicio',0,'2023-01-29','Si','2023-10-14 00:56:56','',2,0,'No','175808'),
(107,'Vito Hugo (h)','Gonzalez',1,1,1,1,'Inicio',0,'2023-01-29','Si','2023-10-12 16:04:36','',1,0,'No','582215'),
(108,'Viviana','Ocampo',1,2,1,2,'Inicio',0,'2023-01-29','Si','2023-11-10 04:34:01','',1,0,'No','383652'),
(109,'Tio Lito','Fernandez',1,2,1,2,'Inicio',0,'2023-02-07','No','2023-11-18 21:03:21','',0,0,'No','171615'),
(110,'Gonzalo','Grisolia',0,1,1,1,'Inicio',0,'2023-02-09',NULL,NULL,NULL,NULL,NULL,NULL,'707118'),
(111,'Mateo','Hunicken',0,1,1,4,'Tarde',0,'2023-02-09',NULL,NULL,NULL,NULL,NULL,NULL,'020748'),
(112,'Negro','Kerlakian',1,1,1,1,'Inicio',0,'2023-02-09','Si','2023-11-19 19:38:33','',1,0,'No','982388'),
(113,'Gonzalo','Alonso',0,4,2,1,'Inicio',0,'2023-02-09','Si','2023-10-18 16:52:24','',2,0,'No','849693'),
(114,'Azul','Libano',1,1,1,1,'Inicio',0,'2023-02-09','Si','2023-10-17 22:10:45','',1,0,'No','301303'),
(115,'Pilar','Azpiazu',1,1,1,2,'Inicio',0,'2023-02-09','Si','2023-10-24 13:48:44','',1,0,'No','957436'),
(116,'Sofia','Correa',1,1,1,2,'Inicio',0,'2023-02-09','No','2023-10-25 16:43:31','',0,0,'No','883274'),
(117,'Josefina','Alarcon',0,1,1,3,'Inicio',0,'2023-02-09',NULL,NULL,NULL,NULL,NULL,NULL,'544061'),
(118,'Juana','Pavia',1,1,1,3,'Inicio',0,'2023-02-09','Si','2023-11-23 15:35:42','',1,0,'No','070482'),
(119,'Felicitas','Chillado Biaus',1,3,2,2,'Tarde',0,'2023-02-09','Si','2023-10-13 14:03:27','',2,0,'No','720230'),
(120,'Francisco','Tezanos',1,4,2,3,'Inicio',0,'2023-02-09','No','2023-10-17 17:52:40','',0,0,'No','389706'),
(121,'Maru','Esposito',0,1,1,4,'Tarde',0,'2023-02-09',NULL,NULL,NULL,NULL,NULL,NULL,'787837'),
(122,'Fabian','Fernandez',1,1,1,3,'Inicio',0,'2023-02-14','No','2023-11-10 23:46:09','',0,0,'No','770067'),
(123,'Ariel','Jacobo',0,1,1,3,'Inicio',0,'2023-04-07',NULL,NULL,NULL,NULL,NULL,NULL,'486828'),
(124,'Horacio','Bullrich',1,4,2,1,'Inicio',0,'2023-04-20','Si','2023-10-19 21:07:49','',2,0,'No','123937'),
(125,'Joaquin','Bullrich',1,3,2,1,'Inicio',0,'2023-04-20','Si','2023-10-13 01:37:08','',2,0,'No','159202'),
(126,'Ine','Bullrich',1,3,2,1,'Inicio',0,'2023-04-20','Si','2023-10-23 19:05:45','',2,0,'No','424200'),
(127,'Fran','Bullrcih',1,1,1,1,'Inicio',0,'2023-04-20','Si','2023-10-13 12:37:30','',1,0,'No','643396'),
(128,'Agustina','Micheloud',1,3,2,1,'Inicio',0,'2023-04-20','Si','2023-10-16 00:33:31','',2,0,'No','944379'),
(129,'Clara','Raffinetti',1,1,1,1,'Inicio',0,'2023-04-20','Si','2023-10-13 13:50:34','',1,0,'No','791709'),
(130,'Teresita','Eguren',1,3,2,1,'Inicio',0,'2023-04-20','Si','2023-10-22 01:52:46','',2,0,'No','125407'),
(131,'Delfina','Lawson',1,3,2,1,'Inicio',0,'2023-04-20','Si','2023-10-13 22:36:54','',2,0,'No','251909'),
(132,'josefina','Garat',0,1,1,2,'Tarde',0,'2023-04-20',NULL,NULL,NULL,NULL,NULL,NULL,'883327'),
(133,'Mariana','Rodriguz Ruiz',1,3,2,1,'Inicio',0,'2023-04-20','Si','2023-11-19 19:34:06','',2,0,'No','660905'),
(134,'Martina','Torres Posse',1,1,1,1,'Inicio',0,'2023-04-20','Si','2023-10-13 13:51:30','',1,0,'No','654544'),
(135,'Mercedes','Armendariz',1,1,1,1,'Inicio',0,'2023-04-20','Si','2023-10-12 11:37:36','',1,0,'No','290008'),
(136,'Pilar','Artime',1,3,2,1,'Inicio',0,'2023-04-20','Si','2023-10-11 23:27:22','',2,0,'No','486409'),
(137,'Justina','Zoltowski',1,3,2,1,'Inicio',0,'2023-04-20','Si','2023-10-13 13:53:46','',2,0,'Celiaco','562021'),
(138,'Valentina','Horman',1,1,1,1,'Inicio',0,'2023-04-20','Si','2023-10-20 09:48:00','',1,0,'No','350877'),
(139,'Victoria','Muller',0,3,2,1,'Inicio',0,'2023-04-20','Si','2023-10-11 23:39:34','Holis!!! soy la complicada- jejje \r\nSoy vegetariana, intolerante a la lactosa y si puede ser sin gluten ideal y sino no pasa nada. Lo más importante es vegetariana sin lactosa (pueden decir vegana si les simplifica la vida)-huevo SI como. jejej\r\nLos quiero mucho, vamos a enfiestar todooooooooooooo, bailar, llorar de emoción, abrazarnos, y disfrutar! gracias por hacernos parteeeee!! wiii que alegriaaaaaaaaaaaaaaaaaaaaaa',2,0,'Vegano','068325'),
(140,'Maria Eugenia','Miguez',1,3,2,1,'Inicio',0,'2023-04-20','Si','2023-10-13 13:51:38','',2,0,'No','288994'),
(141,'Milagros','Pisani',1,3,2,1,'Inicio',0,'2023-04-20','Si','2023-10-12 11:06:59','',2,0,'No','239997'),
(142,'Agustina','Secco',1,3,1,1,'Inicio',0,'2023-04-20','Si','2025-07-31 02:37:37','',1,0,'No','333003'),
(143,'Bernardita','Grisolia',1,3,2,1,'Inicio',0,'2023-04-20','Si','2023-10-16 22:10:34','',2,0,'No','945023'),
(144,'Ceciclia','Waquim',1,1,1,1,'Inicio',0,'2023-04-20','Si','2023-11-19 19:34:07','',1,0,'No','726107'),
(145,'Fatima','Llorente',1,1,1,1,'Inicio',0,'2023-04-20','Si','2023-10-12 19:53:20','',1,0,'Celiaco','795466'),
(146,'Ines','Aldao',1,1,1,1,'Inicio',0,'2023-04-20','Si','2023-10-12 03:38:03','',1,0,'No','799010'),
(147,'Josefina','Houlin',1,3,1,1,'Inicio',0,'2023-04-20','Si','2023-11-19 19:34:06','',1,0,'No','608653'),
(148,'Mercedes','Garrote',1,1,1,1,'Inicio',0,'2023-04-20','Si','2023-10-12 12:19:11','',1,0,'No','646234'),
(149,'Maria','Bosch',1,3,2,1,'Inicio',0,'2023-04-20','Si','2023-10-11 23:02:34','',2,0,'No','405211'),
(150,'Paula','Colantonio',1,1,1,1,'Inicio',0,'2023-04-20','Si','2023-11-19 13:09:22','',1,0,'No','087356'),
(151,'Sofia','Coufignal',0,1,1,1,'Inicio',0,'2023-04-20',NULL,NULL,NULL,NULL,NULL,NULL,'221145'),
(152,'Victoria','Maisonave',1,1,1,1,'Inicio',0,'2023-04-20','Si','2023-10-31 15:11:19','',1,0,'Vegetariano','843661'),
(153,'Mercedes','Palladino',1,1,1,1,'Inicio',0,'2023-04-20','SI','2023-11-19 19:34:06','',1,0,'No','554867'),
(154,'Candelaria','Figoli',1,3,2,1,'Inicio',0,'2023-04-20','Si','2023-10-12 23:26:52','',2,0,'No','243356'),
(155,'Clara','Cura',1,3,2,1,'Inicio',0,'2023-04-20','Si','2023-11-19 19:19:36','',2,0,'No','552177'),
(156,'Luli','Montes',1,1,1,2,'Inicio',0,'2023-04-20','Si','2023-10-17 11:55:05','',1,0,'No','030818'),
(157,'Maria  los Angeles','Pudron',1,1,1,2,'Inicio',0,'2023-04-20','Si','2023-11-19 19:38:33','',1,0,'No','497558'),
(158,'Marcelo','Guidi',1,3,2,1,'Inicio',0,'2023-04-20','Si','2023-11-19 19:35:37','',2,0,'No','395336'),
(159,'Nico','Tillard',0,1,1,1,'Inicio',0,'2023-04-20',NULL,NULL,NULL,NULL,NULL,NULL,'484010'),
(160,'Ramiro','Alonso',1,1,1,1,'Inicio',0,'2023-04-20','No','2023-11-19 20:44:42','',0,0,'No','234039'),
(161,'Camila','Mella',0,1,1,1,'Inicio',0,'2023-04-20',NULL,NULL,NULL,NULL,NULL,NULL,'718167'),
(162,'Alfon','Mercado',0,1,1,1,'Tarde',0,'2023-04-20',NULL,NULL,NULL,NULL,NULL,NULL,'888718'),
(163,'Duilio','',0,1,1,1,'Inicio',0,'2023-04-20','Si','2023-10-12 04:14:18','',1,0,'No','289088'),
(164,'Domi','Fleisher',0,1,1,1,'Inicio',0,'2023-04-20',NULL,NULL,NULL,NULL,NULL,NULL,'779290'),
(165,'Guada','LLorente',1,1,1,2,'Inicio',0,'2023-04-20','Si','2023-11-03 13:59:40','',1,0,'No','029184'),
(166,'Josefna','Garat',1,1,1,2,'Inicio',0,'2023-04-20','Si','2023-11-18 21:38:16','',1,0,'No','808051'),
(167,'Lucila','Farrando',1,1,1,1,'Inicio',0,'2023-04-20','Si','2023-10-12 04:16:53','',1,0,'Celiaco','952702'),
(168,'Mariana','Del Bocca',1,1,1,1,'Inicio',0,'2023-04-20','Si','2023-10-12 17:27:21','',1,0,'No','339359'),
(169,'Mariana','Artime',1,1,1,1,'Inicio',0,'2023-04-20','Si','2023-11-05 22:54:31','',1,0,'No','838690'),
(170,'Cynthia','Finn',1,1,1,1,'Inicio',0,'2023-04-20','Si','2023-11-19 19:34:06','',1,0,'No','175371'),
(171,'Veronica','Sola',1,1,1,1,'Inicio',0,'2023-04-20','Si','2023-10-13 12:11:20','',1,0,'No','360787'),
(172,'Mora','Britos',1,1,1,1,'Inicio',0,'2023-04-20','Si','2023-11-06 11:15:07','',1,0,'Celiaco','277821'),
(173,'Veronica','Arce',1,1,1,1,'Inicio',0,'2023-04-20','Si','2023-10-19 12:00:58','',1,0,'No','306745'),
(174,'Albertina','Lopez',1,1,1,2,'Tarde',0,'2023-04-20','Si','2023-10-26 20:28:34','',1,0,'No','700263'),
(175,'Aldana','Bianchi',1,1,1,1,'Inicio',0,'2023-04-20','Si','2023-10-12 21:28:57','',1,0,'No','581080'),
(176,'Aylen','Dos santos',0,1,1,2,'Tarde',0,'2023-04-20',NULL,NULL,NULL,NULL,NULL,NULL,'804611'),
(177,'Belen','Bonfiglio',1,1,1,1,'Inicio',0,'2023-04-20','Si','2023-11-19 19:36:20','',1,0,'No','279815'),
(178,'Belen','Madariiaga',0,1,1,3,'Tarde',0,'2023-04-20',NULL,NULL,NULL,NULL,NULL,NULL,'985244'),
(179,'Carina','Lopez Giolfo',1,1,1,1,'Inicio',0,'2023-04-20','Si','2023-10-13 11:03:26','',1,0,'No','086775'),
(180,'Cynthia','Catuongo',0,1,1,2,'Tarde',0,'2023-04-20',NULL,NULL,NULL,NULL,NULL,NULL,'478145'),
(181,'Facundo','Quiroga',0,1,1,2,'Tarde',0,'2023-04-20',NULL,NULL,NULL,NULL,NULL,NULL,'130398'),
(182,'Dai','Hiks',1,1,1,2,'Inicio',0,'2023-04-20','Si','2023-10-13 21:38:33','',1,0,'No','217558'),
(183,'Eugenia','Villamagna',0,1,0,3,'Inicio',0,'2023-04-20',NULL,NULL,NULL,NULL,NULL,NULL,'696597'),
(184,'Felicitas','Ordo?ez',1,3,2,1,'Inicio',0,'2023-04-20','Si','2023-10-11 23:03:14','',2,0,'No','830309'),
(185,'Fini','Guitart',1,1,1,1,'Inicio',0,'2023-04-20','Si','2023-10-12 21:26:35','',1,0,'No','061755'),
(186,'Florencia','Salda?a',1,1,1,1,'Inicio',0,'2023-04-20','Si','2023-11-19 19:34:06','',1,0,'No','817848'),
(187,'Lucila','Martinez',1,1,1,1,'Inicio',0,'2023-04-20','Si','2023-10-12 14:29:51','',1,0,'No','903977'),
(188,'Maria Jose','Gelosi',1,1,1,1,'Inicio',0,'2023-04-20','Si','2023-11-19 19:34:08','',1,0,'No','066340'),
(189,'Maru','Lopez',1,1,1,1,'Inicio',0,'2023-04-20','Si','2023-11-06 15:57:19','',1,0,'No','619770'),
(190,'Margarita','lopez',0,1,1,2,'Tarde',0,'2023-04-20',NULL,NULL,NULL,NULL,NULL,NULL,'899829'),
(191,'Mercedes','Pizzarro',1,1,1,1,'Inicio',0,'2023-04-20','No','2023-11-05 22:51:59','',0,0,'No','639838'),
(192,'Maria','Rosenberg',1,1,1,1,'Inicio',0,'2023-04-20','Si','2023-10-31 01:08:28','',1,0,'No','499705'),
(193,'Nacho','Montes',0,1,1,1,'Tarde',0,'2023-04-20',NULL,NULL,NULL,NULL,NULL,NULL,'579008'),
(194,'Nati','De vigils',1,1,1,1,'Inicio',0,'2023-04-20','Si','2023-11-02 13:25:56','',1,0,'No','395926'),
(195,'Pau','Tabares',1,1,1,2,'Tarde',0,'2023-04-20','Si','2023-11-03 15:55:38','',1,0,'No','242606'),
(196,'Rochi','Digon',1,1,1,2,'Tarde',0,'2023-04-20','Si','2023-10-18 00:41:54','',1,0,'No','025253'),
(197,'Florencia','Blasco',1,3,2,1,'Inicio',0,'2023-04-20','Si','2023-11-19 19:34:08','',2,0,'No','398447'),
(198,'Sil','Rodirguez Spuch',1,1,1,1,'Inicio',0,'2023-04-20','Si','2023-10-12 11:06:59','No como carnes rojas',1,0,'Vegetariano','916476'),
(199,'Silvia','Olmos',1,1,1,1,'Inicio',0,'2023-04-20','Si','2023-11-19 19:41:26','',1,0,'No','387042'),
(200,'Sofi','Del Bocca',1,1,1,1,'Inicio',0,'2023-04-20','Si','2023-10-12 19:06:24','',1,0,'Vegetariano','185781'),
(201,'Tuti','Saini',1,1,1,1,'Inicio',0,'2023-04-20','Si','2023-11-19 19:34:07','',1,0,'No','767782'),
(202,'Milagros','Sagastizabal',1,3,2,3,'Inicio',0,'2023-04-20','No','2023-10-30 22:00:53','',0,0,'No','281564'),
(203,'Emilia','Guzman',1,3,2,3,'Inicio',0,'2023-04-20','No','2023-10-30 21:57:14','',0,0,'No','104476'),
(204,'Catalina','Corvo',1,3,2,1,'Inicio',0,'2023-04-20','Si','2023-10-11 23:01:05','',2,0,'No','677689'),
(205,'Julieta','Litta',0,1,1,1,'Tarde',0,'2023-04-20',NULL,NULL,NULL,NULL,NULL,NULL,'075016'),
(206,'Catalina','Arcuri',0,1,1,4,'Tarde',0,'2023-04-20',NULL,NULL,NULL,NULL,NULL,NULL,'342012'),
(207,'Mercedes','Hecker',0,1,1,4,'Tarde',0,'2023-04-20',NULL,NULL,NULL,NULL,NULL,NULL,'485016'),
(208,'Carolina','Alvir',0,1,1,4,'Tarde',0,'2023-04-20',NULL,NULL,NULL,NULL,NULL,NULL,'399043'),
(209,'Lourdes','Galassi',1,1,2,1,'Inicio',0,'2023-04-20','Si','2023-11-05 22:46:02','',2,0,'No','540167'),
(210,'Victoria','Ferrucci',1,3,2,1,'Inicio',0,'2023-04-20','Si','2023-11-19 19:41:27','',2,0,'No','503707'),
(211,'Sol','Alonso',1,1,1,1,'Inicio',0,'2023-04-20','No','2023-11-05 22:19:33','',0,0,'No','898036'),
(213,'Clarita','De Ezcurra',0,3,2,1,'Tarde',0,'2023-04-20',NULL,NULL,NULL,NULL,NULL,NULL,'201193'),
(214,'Agustina','Anderson',2,1,1,4,'Inicio',0,'2023-04-20',NULL,NULL,NULL,NULL,NULL,NULL,'068786'),
(215,'Pilar','Caputo',1,1,1,1,'Inicio',0,'2023-04-20','Si','2023-10-12 12:39:34','',1,0,'No','740350'),
(216,'Rosario','Zorraquin',0,1,1,1,'Inicio',0,'2023-04-20','Si','2023-11-19 19:41:26','',1,0,'No','495393'),
(217,'Agustin','Sere',0,1,1,2,'Inicio',0,'2023-04-20','Si','2025-07-31 02:17:44','',1,0,'No','255915'),
(218,'Maca','Aldao',0,3,2,2,'Tarde',0,'2023-04-20',NULL,NULL,NULL,NULL,NULL,NULL,'793396'),
(219,'Agustina','Musolini',1,3,2,3,'Inicio',0,'2023-04-20','No','2023-11-22 21:19:44','',0,0,'No','199238'),
(220,'Delfina','Vanthiene',0,3,2,4,'Tarde',0,'2023-04-20',NULL,NULL,NULL,NULL,NULL,NULL,'616001'),
(221,'Agustin','Cortes',1,4,1,1,'Tarde',0,'2023-04-20','Si','2025-08-04 00:42:25','',1,0,'No','482293'),
(222,'Inda','Ruiz',0,4,2,3,'Tarde',0,'2023-04-20',NULL,NULL,NULL,NULL,NULL,NULL,'563461'),
(223,'Nico','Tillard',1,1,1,1,'Inicio',0,'2023-04-20','Si','2023-11-01 11:59:11','',1,0,'No','370427'),
(224,'Olivia','Olmos',1,3,2,3,'Tarde',0,'2023-04-20','No','2023-11-08 13:18:28','',0,0,'No','161752'),
(225,'Santiago','Harriague',1,4,2,1,'Inicio',0,'2023-04-20','Si','2023-10-13 10:45:29','',2,0,'No','697480'),
(226,'Santi','Harriague',1,1,1,1,'Inicio',0,'2023-04-20','Si','2023-11-06 22:52:14','La dieta de la selva, como lo que haya',1,0,'No','002146'),
(227,'Tere','Harriague',1,3,2,1,'Inicio',0,'2023-04-20','Si','2023-10-13 03:22:05','',2,0,'No','918290'),
(228,'Agustina','Harriague',1,3,2,1,'Inicio',1,'2023-04-20','Si','2023-10-13 01:59:22','',2,1,'No','585012'),
(229,'Pedro','Harriague',1,1,1,1,'Inicio',0,'2023-04-20','Si','2023-11-19 19:48:19','',1,0,'No','170192'),
(230,'Chuchi','Sierra',1,1,1,1,'Inicio',0,'2023-04-20','Si','2023-11-19 19:48:20','',1,0,'No','095921'),
(231,'Pablo','Sierra',1,3,2,1,'Inicio',0,'2023-04-20','Si','2023-11-07 01:03:16','',2,0,'No','969033'),
(232,'Agustina','Sierra',1,1,1,1,'Inicio',0,'2023-04-20','Si','2023-11-19 19:48:20','',1,0,'No','557403'),
(233,'Guada','Sierra',1,3,2,1,'Inicio',0,'2023-04-20','Si','2023-10-13 01:42:58','',2,0,'No','879914'),
(234,'Claraisabel','Martin',1,1,1,1,'Inicio',0,'2023-04-20','Si','2023-11-19 19:48:19','',1,0,'No','727364'),
(235,'Maria Jose','Michelucci',1,1,1,1,'Inicio',0,'2023-04-20','Si','2023-11-19 19:48:19','',1,0,'No','997078'),
(236,'Lucila','Maiztegui',1,2,2,1,'Inicio',1,'2023-04-20','Si','2023-10-13 14:16:58','',2,1,'No','803299'),
(237,'Clara','Maiztegui',1,2,2,1,'Inicio',0,'2023-04-20','No','2023-10-30 22:22:02','',0,0,'No','025263'),
(238,'Josefina','Maiztegui',1,2,2,1,'Inicio',0,'2023-04-20','No','2023-10-30 22:23:56','',0,0,'No','716416'),
(239,'Gonzalo','Maiztegui',1,1,1,1,'Inicio',0,'2023-04-20','Si','2023-11-19 19:48:19','',1,0,'No','506291'),
(240,'I?aki','Maiztegui',1,1,1,1,'Inicio',0,'2023-04-20','Si','2023-11-20 17:49:00','',1,0,'No','382209'),
(241,'Norma','Martin',1,2,2,1,'Inicio',0,'2023-04-20','Si','2023-11-19 19:48:19','',2,0,'No','392171'),
(242,'Horacio (P)','Bullrich',1,4,2,1,'Inicio',0,'2023-04-20','Si','2023-11-19 19:10:07','',2,0,'No','814231'),
(243,'Mariana','Bullrich',1,2,2,1,'Inicio',0,'2023-04-20','Si','2023-10-13 01:42:41','',2,0,'No','894642'),
(244,'Ignacio','Montiel',1,3,1,1,'Inicio',0,'2023-04-20','Si','2023-10-30 11:02:42','',1,0,'No','030515'),
(245,'Victoria','Montiel',1,3,2,1,'Inicio',0,'2023-04-20','Si','2023-11-18 17:22:10','',2,0,'No','468653'),
(246,'Cecilia','Bullrich',1,2,2,1,'Inicio',0,'2023-04-20','Si','2023-11-19 19:34:05','',2,0,'No','251720'),
(247,'Juanchi','Roisma',1,1,1,1,'Inicio',0,'2023-04-20','Si','2023-11-19 19:48:20','',1,0,'No','852639'),
(248,'Pedro','Roisman',1,3,2,1,'Inicio',0,'2023-04-20','No','2023-10-30 22:22:25','',0,0,'No','508038'),
(249,'Mercedes','Bullrcih',1,3,1,1,'Inicio',0,'2023-04-20','Si','2023-10-19 15:37:02','',1,0,'No','982275'),
(250,'Jeronimo','Alvarez Morales',1,3,2,1,'Inicio',0,'2023-04-20','Si','2023-10-14 01:19:34','',2,0,'No','387258'),
(251,'Facundo','Alvarez Morales',1,3,2,1,'Inicio',0,'2023-04-20','No','2023-11-21 14:13:11','',0,0,'No','989467'),
(252,'Tomas','Alvarez Morales',1,3,2,1,'Inicio',0,'2023-04-20','Si','2023-11-15 17:40:45','Delfina es celiaca e intolerante a la lactosa',2,0,'Otro','785562'),
(253,'Veronica','Bullrich',1,2,4,1,'Inicio',0,'2023-04-20','Si','2023-10-16 13:20:16','',4,0,'No','959408'),
(254,'Augusto','Bullrich',1,2,3,1,'Inicio',2,'2023-04-20','Si','2023-10-20 17:08:10','',3,2,'No','440355'),
(255,'Candel','Bullrich',1,2,3,1,'Inicio',1,'2023-04-20','Si','2023-10-13 13:35:01','',3,1,'No','323551'),
(256,'Alfaro','Eugenia',1,3,2,1,'Inicio',0,'2023-04-20','Si','2023-10-12 02:57:54','',2,0,'No','296690'),
(257,'Alfaro','Ines',1,1,1,1,'Tarde',0,'2023-04-20','Si','2023-10-23 00:02:56','',1,0,'No','512798'),
(258,'Alfaro','Lucas',1,1,1,1,'Tarde',0,'2023-04-20','Si','2023-10-23 00:44:01','',1,0,'No','673921'),
(259,'Miguez','Carlos',1,4,2,1,'Inicio',0,'2023-04-20','Si','2023-11-03 02:36:03','',2,0,'No','831211'),
(260,'Miguel','Weimuller',1,4,2,1,'Inicio',0,'2023-04-20','Si','2023-10-12 01:57:34','',2,0,'No','134293'),
(261,'Traversaro','Nicolas',1,4,2,1,'Inicio',0,'2023-04-20','Si','2023-10-25 01:00:54','',2,0,'No','177831'),
(262,'Ithurburu (p)','Ignacio',1,4,2,1,'Inicio',0,'2023-04-20','Si','2023-11-20 17:44:45','',2,0,'No','486278'),
(263,'Mer','Delia',1,1,1,1,'Inicio',0,'2023-04-20','Si','2023-10-12 00:23:54','',1,0,'No','897899'),
(264,'Darmandrail','Mercedes',1,1,1,1,'Inicio',0,'2023-04-20','Si','2023-10-12 00:29:16','',1,0,'No','030658'),
(265,'Villaroel','Pablo',0,4,2,1,'Inicio',0,'2023-04-20','Si','2023-11-26 19:37:30','',2,0,'No','459597'),
(266,'Tuozzo','Julio',1,4,2,1,'Inicio',0,'2023-04-20','Si','2023-11-07 14:42:58','',2,0,'No','206008'),
(267,'Boggio','Rogelio',1,4,2,1,'Inicio',0,'2023-04-20','No','2023-11-05 22:51:07','',0,0,'No','651252'),
(268,'Rojo','Nicolas',1,4,2,1,'Inicio',0,'2023-04-20','Si','2023-11-05 21:52:39','',2,0,'No','638235'),
(269,'Arcuri','Jose',0,4,2,1,'Inicio',0,'2023-04-20','Si','2023-10-31 15:30:22','',2,0,'No','237422'),
(270,'Najun','Matias',1,4,2,1,'Inicio',0,'2023-04-20','Si','2023-11-20 17:47:05','',2,0,'No','272404'),
(271,'Bonta','Hernan',1,4,2,1,'Inicio',0,'2023-04-20','Si','2023-10-24 11:49:45','',2,0,'No','649754'),
(272,'Cornejo','Emilio',1,4,2,1,'Inicio',0,'2023-04-20','Si','2023-11-20 17:43:47','',2,0,'No','431560'),
(273,'Diego','Olmedo',1,4,2,1,'Inicio',0,'2023-04-20','Si','2023-10-14 12:06:28','',2,0,'No','208537'),
(274,'Braconi','Cris',1,4,2,1,'Inicio',0,'2023-04-20','Si','2023-10-12 02:20:42','',2,0,'No','748005'),
(275,'Lopez','Gustavo',1,4,2,1,'Inicio',0,'2023-04-20','Si','2023-10-12 01:22:09','',2,0,'No','114416'),
(276,'Rivero','Patricio',0,4,2,1,'Inicio',0,'2023-04-20',NULL,NULL,NULL,NULL,NULL,NULL,'328064'),
(277,'Caputo','Patricio',1,4,2,1,'Inicio',0,'2023-04-20','Si','2023-11-02 14:58:54','',2,0,'No','297073'),
(278,'Kaiser','Alex',1,4,2,1,'Inicio',0,'2023-04-20','No','2023-10-19 18:06:41','',0,0,'No','501174'),
(279,'Pellicari','Martin',1,4,2,1,'Inicio',0,'2023-04-20','Si','2023-10-12 08:52:04','',2,0,'No','614651'),
(280,'Noetinger','Fernando',1,4,2,1,'Inicio',0,'2023-04-20','Si','2023-11-05 21:47:25','',2,0,'No','569733'),
(281,'Cisneros','Alberto',1,4,2,1,'Inicio',0,'2023-04-20','Si','2023-11-05 21:44:57','',2,0,'No','004713'),
(282,'Maxi','Ciancio',0,4,2,4,'Inicio',0,'2023-04-20',NULL,NULL,NULL,NULL,NULL,NULL,'314365'),
(283,'Jose Antonio','Ciancio',0,4,2,4,'Inicio',0,'2023-04-20',NULL,NULL,NULL,NULL,NULL,NULL,'557688'),
(284,'Omar','Al Kadour',0,4,2,1,'Inicio',0,'2023-04-20','Si','2023-10-12 02:41:38','',2,0,'No','845346'),
(285,'Lola','noetinger',1,3,2,1,'Inicio',0,'2023-04-20','Si','2023-10-31 02:05:25','',2,0,'No','553667'),
(286,'Pablo','Magnanini',1,4,2,1,'Inicio',0,'2023-04-20','Si','2023-10-17 13:26:48','Uno de los 2 es celiaco el otro normal ',2,0,'Celiaco','232296'),
(287,'Matias','Noetinger',1,4,2,1,'Inicio',0,'2023-04-20','No','2023-11-05 21:43:14','',0,0,'No','500479'),
(288,'Busso','Joaquin',1,1,1,1,'Tarde',0,'2023-04-20','Si','2023-10-26 18:07:07','',1,0,'No','805509'),
(289,'Laxague','Dominique',1,1,1,1,'Tarde',0,'2023-04-20','Si','2023-11-20 17:40:00','',1,0,'No','526110'),
(290,'Pourrain','Pedro',1,1,1,1,'Tarde',0,'2023-04-20','Si','2023-10-26 16:17:59','',1,0,'No','214022'),
(291,'Diego','Miranda',1,1,1,1,'Inicio',0,'2023-04-20','Si','2023-10-13 02:05:47','',1,0,'No','491781'),
(292,'Fara','Torres Ceola',1,1,1,3,'Inicio',0,'2023-05-02','No','2023-11-13 22:10:02','',0,0,'No','816840'),
(293,'Esteban','Zucco',0,1,1,3,'Inicio',0,'2023-05-02','Si','2023-11-29 13:56:02','',1,0,'No','608856'),
(294,'Tuti','Tuti',0,2,2,3,'Inicio',1,'2023-05-02','Si','2023-11-01 17:35:09','',2,1,'No','593760'),
(295,'Alejandro','Gauna',1,1,1,3,'Inicio',0,'2023-05-19','Si','2023-11-20 19:07:44','',1,0,'No','142234'),
(296,'Martin (Perro)','Velasco',1,1,1,3,'Inicio',0,'2023-05-19','Si','2023-11-14 12:59:15','',1,0,'No','929889'),
(297,'Pablo','Lopez Bravo',1,3,1,3,'Inicio',0,'2023-06-02','No','2023-11-19 21:23:37','',0,0,'No','222742'),
(298,'Lucho','Camacho',1,1,1,3,'Inicio',0,'2023-07-10','Si','2023-10-30 00:55:44','',1,0,'No','324046'),
(299,'Florencia ','Bonoris ',1,1,1,1,'Inicio',0,'2023-07-25','Si','2023-11-19 19:41:26','',1,0,'No','952005'),
(300,'Lu','Diaz',1,1,1,2,'Inicio',0,'2023-07-25','Si','2023-11-20 17:42:30','',1,0,'No','787885'),
(301,'Mariana ','Circulo',1,3,2,2,'Inicio',0,'2023-07-25','Si','2023-11-19 19:34:07','',2,0,'No','083412'),
(302,'Gonzalo ','Grisolia ',1,1,2,1,'Inicio',0,'2023-07-25','Si','2023-10-14 16:23:00','',2,0,'No','053406'),
(303,'amigas ','Ine',2,5,6,1,'Tarde',0,'2023-07-25',NULL,NULL,NULL,NULL,NULL,NULL,'016796'),
(304,'Amigos ','Joaco ',2,5,5,1,'Tarde',0,'2023-07-25',NULL,NULL,NULL,NULL,NULL,NULL,'923760'),
(305,'Joaquin','Bullrich ',2,5,11,1,'Inicio',0,'2023-07-26',NULL,NULL,NULL,NULL,NULL,NULL,'568413'),
(306,'Ines','Bullrich ',2,5,11,1,'Inicio',0,'2023-07-26',NULL,NULL,NULL,NULL,NULL,NULL,'070786'),
(307,'Manuel ','Sejas',1,1,1,1,'Inicio',0,'2023-07-26','Si','2023-10-26 16:23:19','',1,0,'No','648690'),
(308,'Dimas ','Biaus',1,1,1,1,'Inicio',0,'2023-07-26','Si','2023-10-23 00:20:27','',1,0,'No','031093'),
(309,'Franco','Orabona',1,1,1,3,'Tarde',0,'2023-08-01','Si','2023-11-06 00:31:48','',1,0,'No','209394'),
(310,'El Cuervo','Cuervo',1,1,1,3,'Inicio',0,'2023-08-03','Si','2023-11-08 14:48:45','',1,0,'No','953693'),
(311,'Belen','Lopez',1,1,1,1,'Inicio',0,'2023-08-07','No','2023-10-30 22:20:42','',0,0,'No','140283'),
(312,'Pirisila','Jardin ',0,1,0,4,'Tarde',0,'2023-08-07',NULL,NULL,NULL,NULL,NULL,NULL,'840339'),
(313,'Milagros','Acosta',0,1,1,3,'Tarde',0,'2023-08-07','Si','2023-10-18 14:41:42','',1,0,'No','780844'),
(314,'Facundo','Percincula',1,1,1,3,'Inicio',0,'2023-08-21','Si','2023-10-12 21:02:04','',1,0,'No','383204'),
(315,'Rosario','Gomez Robaina',1,1,1,3,'Inicio',0,'2023-08-30','Si','2023-10-13 04:01:27','',1,0,'No','573488'),
(316,'Juliana','Typek',1,1,1,3,'Inicio',0,'2023-08-30','Si','2023-10-13 09:53:48','',1,0,'No','717827'),
(317,'Belisario','Balbiani',1,1,1,3,'Tarde',0,'2023-09-08','Si','2023-11-11 21:28:39','',1,0,'No','868673'),
(318,'Santos','Balbiani',1,1,1,3,'Inicio',0,'2023-09-08','Si','2023-10-13 23:01:15','',1,0,'No','189886'),
(319,'Hilario','Guiraldes',1,1,1,3,'Inicio',0,'2023-09-08','Si','2023-10-19 19:44:15','',1,0,'No','343413'),
(320,'gonzalo ','Alfaro',1,5,1,1,'Inicio',0,'2023-09-17','Si','2023-10-12 04:35:42','',1,0,'No','147404'),
(321,'ines ','Alfaro',0,5,2,3,'Tarde',0,'2023-09-17',NULL,NULL,NULL,NULL,NULL,NULL,'706782'),
(322,'Marcela ','Darritchon',1,1,1,1,'Inicio',0,'2023-09-17','Si','2023-11-05 22:03:46','',1,0,'No','091699'),
(323,'Estela ','Valdez',1,1,1,2,'Inicio',0,'2023-09-17','No','2023-11-23 16:16:40','',0,0,'No','338148'),
(324,'Violeta','Kistenmacher',1,4,2,1,'Inicio',0,'2023-09-17','No','2023-11-10 01:22:35','',0,0,'No','415643'),
(325,'Cyntia','Pastoriza',1,4,2,1,'Inicio',0,'2023-09-17','Si','2023-11-05 21:51:45','',2,0,'No','063771'),
(326,'Carla','Marcheletta',1,1,1,1,'Inicio',0,'2023-09-17','Si','2023-11-05 21:51:19','',1,0,'No','071926'),
(327,'Martiniano','Tyrrell',1,1,1,3,'Inicio',0,'2023-09-18','Si','2023-10-15 00:15:56','',1,0,'No','168317'),
(328,'Gustavo','Widmer',1,1,1,3,'Inicio',0,'2023-09-19','Si','2023-10-17 12:45:37','',1,0,'No','625811'),
(329,'Pablo','Garrido',1,1,1,3,'Inicio',0,'2023-09-19','Si','2023-10-31 15:11:33','',1,0,'No','624102'),
(330,'Juan Francisco','Pinelli',1,1,1,3,'Inicio',0,'2023-09-19','Si','2023-10-13 00:18:41','',1,0,'No','243080'),
(331,'Emilio','Pugnaloni',1,1,1,3,'Tarde',0,'2023-09-19','No','2023-11-26 22:23:24','',0,0,'No','343093'),
(332,'Guillermo Jose','Teran',1,1,1,3,'Tarde',0,'2023-09-19','Si','2023-10-31 13:11:52','',1,0,'No','986225'),
(333,'Emiliano Javier','Rafel',1,1,1,3,'Inicio',0,'2023-09-19','No','2023-10-18 16:52:38','',0,0,'No','901849'),
(334,'Margarita ','Lopez ',1,1,1,3,'Tarde',0,'2023-09-20','Si','2025-07-13 22:55:29',NULL,1,0,NULL,'550569'),
(335,'Ezequiel','Berrato',1,4,2,3,'Inicio',0,'2023-10-03','No','2023-11-18 21:03:26','',0,0,'No','047299'),
(336,'Tia Lina','Romero',1,1,1,3,'Inicio',0,'2023-10-04','No','2023-11-18 21:03:27','',0,0,'No','584788'),
(337,'Tia Pabla','Romero',1,1,1,3,'Inicio',0,'2023-10-04','No','2023-11-18 21:03:27','',0,0,'No','782043'),
(338,'Betty','-',0,1,1,3,'Inicio',0,'2023-10-04','No','2023-11-18 21:22:10','',0,0,'No','155853'),
(339,'Vane','Fernandez',1,1,1,3,'Inicio',0,'2023-10-04','No','2023-11-18 21:03:27','',0,0,'No','433134'),
(340,'Lucio','-',0,2,2,3,'Inicio',3,'2023-10-04','No','2023-11-08 23:47:28','',0,0,'No','698114'),
(341,'Carlos','Maidana',1,1,1,3,'Inicio',0,'2023-10-04','Si','2023-12-01 17:01:28','',1,0,'No','191166'),
(342,'Lucy','-',0,1,1,3,'Inicio',0,'2023-10-04','No','2023-11-08 23:46:44','',0,0,'No','861489'),
(343,'Maria Luz','-',0,2,2,3,'Inicio',0,'2023-10-04','Si','2023-11-30 11:26:08','',2,0,'No','733950'),
(344,'Xiomara','Maidana',1,3,2,3,'Inicio',0,'2023-10-04','Si','2023-11-21 16:35:14','',2,0,'No','085280'),
(345,'Gabriela','Abundio',0,1,1,3,'Inicio',0,'2023-10-04','No','2023-10-19 16:00:44','',0,0,'No','224553'),
(346,'Mario','-',0,4,2,3,'Inicio',0,'2023-10-04','No','2023-10-26 21:31:54','',0,0,'No','866926'),
(347,'Miriam','Antunez',1,1,1,3,'Inicio',0,'2023-10-04','No','2023-10-19 15:59:50','',0,0,'No','660971'),
(348,'Felipe','Videla',1,1,1,3,'Inicio',0,'2023-10-06','Si','2023-11-19 21:06:19','',1,0,'No','704079'),
(349,'Marcelo','Maldonado',1,1,1,3,'Tarde',0,'2023-10-06','No','2023-11-10 23:49:19','',0,0,'No','537483'),
(350,'Benjamin','Cornejo',1,1,1,1,'Inicio',0,'2023-10-09','Si','2023-10-22 23:17:35','',1,0,'No','575179'),
(351,'Dana','-',0,1,1,3,'Inicio',0,'2023-10-09','Si','2023-11-10 05:36:38','',1,0,'No','223159'),
(352,'Sofia Gisel','-',0,1,1,3,'Inicio',0,'2023-10-09','Si','2023-11-10 03:20:13','',1,0,'No','328925'),
(353,'Nilda','-',0,5,1,3,'Inicio',0,'2023-10-09','Si','2023-11-15 22:30:07','',1,0,'No','078638'),
(354,'Rocio','-',0,1,1,3,'Inicio',0,'2023-10-09','Si','2023-11-19 21:46:04','',1,0,'No','956042'),
(355,'Guadalupe','Gadea',1,2,1,3,'Inicio',3,'2023-10-10','No','2023-11-19 21:16:26','',0,0,'No','928436'),
(356,'Mario','-',0,1,1,3,'Inicio',0,'2023-10-10','No','2023-11-08 23:44:06','',0,0,'No','647025'),
(357,'Justino','Guiraldes',0,1,1,3,'Inicio',0,'2023-10-10',NULL,NULL,NULL,NULL,NULL,NULL,'867332'),
(358,'Justino','Guiraldes',0,1,1,3,'Inicio',0,'2023-10-10',NULL,NULL,NULL,NULL,NULL,NULL,'845744'),
(359,'Raul','Houssay',1,4,2,1,'Inicio',0,'2023-10-11','Si','2023-10-12 12:36:00','',2,0,'No','298246'),
(360,'Ines','Franci',1,1,1,1,'Inicio',0,'2023-10-11','Si','2023-10-12 00:31:13','',1,0,'No','299894'),
(361,'Pueyrredon','Maria',1,1,1,1,'Inicio',0,'2023-10-11','Si','2023-11-05 15:38:17','',1,0,'No','154446'),
(362,'Sol','Madariaga',1,4,2,3,'Inicio',0,'2023-10-12','Si','2023-10-23 20:43:42','',2,0,'No','750282'),
(363,'Aldana','Fernandez',1,2,2,3,'Inicio',0,'2023-10-18','No','2023-11-18 21:03:27','',0,0,'No','789154'),
(364,'Agustina','Contreras',1,1,1,3,'Inicio',0,'2023-10-19','Si','2023-11-18 21:19:56','',1,0,'No','865020'),
(365,'Martin','Antonini',1,1,1,3,'Tarde',0,'2023-10-22','Si','2023-10-23 16:54:27','',1,0,'No','264765'),
(366,'Augusto','Abicharca',0,1,1,3,'Tarde',0,'2023-10-22','Si','2025-07-11 02:23:31','',1,0,'Otro','577318'),
(367,'Matias','Trossero',1,1,1,3,'Tarde',0,'2023-10-22','Si','2023-10-23 16:56:45','',1,0,'No','901305'),
(368,'Joaquin','Gaviña',1,1,1,3,'Tarde',0,'2023-10-22','Si','2023-10-23 17:26:16','',1,0,'No','099538'),
(369,'Marcos','Della Pia',1,1,1,3,'Tarde',0,'2023-10-22','Si','2023-10-24 15:45:28','',1,0,'No','868287'),
(370,'Felipe','De Las Cuevas',1,1,1,3,'Tarde',0,'2023-10-22','Si','2023-11-20 17:41:39','',1,0,'No','119080'),
(371,'Santiago','Seresi',1,1,1,3,'Tarde',0,'2023-10-22','No','2023-10-23 17:03:43','',0,0,'No','104370'),
(372,'Eduardo','Iudica',1,1,1,3,'Tarde',0,'2023-10-22','No','2023-11-20 17:39:20','',0,0,'No','956384'),
(373,'Máximo','Castrillo',1,1,1,3,'Tarde',0,'2023-10-22','Si','2023-10-23 18:57:00','',1,0,'No','550400'),
(374,'Carlos','Miguez',1,1,1,3,'Tarde',0,'2023-10-22','Si','2023-10-24 19:25:55','',1,0,'No','153392'),
(375,'Juan','Lynch',1,1,1,3,'Tarde',0,'2023-10-22','Si','2023-10-23 17:46:13','',1,0,'No','111571'),
(376,'Sofia','Murga',1,1,1,3,'Tarde',0,'2023-10-22','Si','2023-10-23 09:08:41','',1,0,'No','626520'),
(377,'Maria','Antonini',1,1,1,3,'Tarde',0,'2023-10-22','Si','2023-10-22 21:48:50','',1,0,'No','480694'),
(378,'Maria','Antonini',2,1,1,3,'Tarde',0,'2023-10-22',NULL,NULL,NULL,NULL,NULL,NULL,'378201'),
(379,'Margarita','Villamagna',1,1,1,3,'Tarde',0,'2023-10-22','No','2025-07-13 22:55:56',NULL,0,0,NULL,'101653'),
(380,'Delfina','Mallea',1,1,1,3,'Tarde',0,'2023-10-22','Si','2023-10-23 13:02:47','',1,0,'No','972271'),
(381,'Jacinta ','Reynal',1,1,1,3,'Tarde',0,'2023-10-22','Si','2023-10-26 12:03:09','',1,0,'No','515561'),
(382,'Trinidad','Bence Pieres',1,1,1,3,'Tarde',0,'2023-10-22','Si','2023-10-22 22:10:31','',1,0,'No','845398'),
(383,'Marina','Young',1,1,1,3,'Tarde',0,'2023-10-22','Si','2023-10-27 21:51:52','',1,0,'Celiaco','578288'),
(384,'Macarena','Aragon',1,1,1,3,'Tarde',0,'2023-10-22','Si','2023-10-22 22:03:32','',1,0,'No','274768'),
(385,'Camila','Bengolea',1,1,1,3,'Tarde',0,'2023-10-22','No','2023-11-26 03:06:57','',0,0,'No','420128'),
(386,'Luli','Miguez',1,1,1,3,'Tarde',0,'2023-10-22','Si','2023-10-22 21:44:57','',1,0,'No','977400'),
(387,'Agustina','Traversaro',1,1,1,3,'Tarde',0,'2023-10-22','Si','2023-10-22 22:02:14','',1,0,'No','715105'),
(388,'Ailu','Lopez',0,1,1,3,'Inicio',0,'2023-11-08','Si','2023-11-11 18:32:37','',1,0,'No','175962'),
(389,'Agustina','Anderson',0,0,1,3,'Inicio',0,'2023-11-08','No','2023-11-19 19:03:29','',0,0,'No','083329'),
(390,'Gonzalo','Chillado Biaus',1,4,2,3,'Inicio',0,'2023-11-08','No','2023-11-18 21:03:26','',0,0,'No','632135'),
(391,'Diego','Chillado Biaus',1,4,2,3,'Inicio',0,'2023-11-08','No','2023-11-21 14:10:35','',0,0,'No','242857'),
(392,'Chinchu','-',0,1,1,3,'Inicio',0,'2023-11-08','Si','2023-11-09 16:32:23','',1,0,'No','603129'),
(393,'Lucia','Morales',1,1,1,3,'Inicio',0,'2023-11-08','Si','2023-11-16 19:31:33','',1,0,'No','050002'),
(394,'Lourdes','Morales',1,1,1,3,'Inicio',0,'2023-11-08','Si','2023-11-09 01:31:04','',1,0,'No','904469'),
(395,'Alfredo','Echeverria',0,1,1,4,'Tarde',0,'2023-11-10','Si','2025-07-11 03:05:24','',1,0,'Celiaco','843972'),
(396,'Alfredo','Echeverria',2,1,1,3,'Inicio',0,'2023-11-10','Si','2025-07-08 03:32:41','',1,0,'No','293332'),
(397,'Elias','Sosa',1,1,1,3,'Inicio',0,'2023-11-13','No','2023-11-25 21:57:06','',0,0,'No','355013'),
(398,'Ro','Fraga',1,1,1,3,'Inicio',0,'2023-11-13','Si','2023-11-14 02:32:53','',1,0,'No','277668'),
(399,'Gonzalo','Mujia',0,1,1,3,'Inicio',0,'2023-11-13',NULL,NULL,NULL,NULL,NULL,NULL,'931449'),
(400,'Gonzalo','Mujia',1,1,1,3,'Inicio',0,'2023-11-14','Si','2023-11-14 02:55:56','',1,0,'No','540409'),
(401,'Edu','Guarradigio',1,1,1,3,'Tarde',0,'2023-11-17','Si','2023-12-06 13:42:22','',1,0,'No','514785'),
(402,'Ignacio','Correa',0,1,1,4,'Tarde',0,'2023-11-17',NULL,NULL,NULL,NULL,NULL,NULL,'285997'),
(403,'Tan','Iszczuk',0,1,1,3,'Tarde',0,'2023-11-17','Si','2023-12-06 13:58:07','',1,0,'No','292923'),
(404,'Leo','Gonzalez',1,1,1,3,'Tarde',0,'2023-11-17','Si','2023-11-25 23:50:24','',1,0,'No','660699'),
(405,'Bauti','Moyano',0,1,1,4,'Tarde',0,'2023-11-17',NULL,NULL,NULL,NULL,NULL,NULL,'555652'),
(406,'Juan','Ven',0,1,1,4,'Tarde',0,'2023-11-17',NULL,NULL,NULL,NULL,NULL,NULL,'281770'),
(407,'Estefi','Lobosco',0,1,1,4,'Tarde',0,'2023-11-17',NULL,NULL,NULL,NULL,NULL,NULL,'687363'),
(408,'Berni','Kerlakian',2,1,1,4,'Tarde',0,'2023-11-17',NULL,NULL,NULL,NULL,NULL,NULL,'900902'),
(409,'Magda','Martini Vilar',0,1,1,4,'Tarde',0,'2023-11-17',NULL,NULL,NULL,NULL,NULL,NULL,'282417'),
(410,'Ine','Marengo',0,1,1,4,'Tarde',0,'2023-11-17',NULL,NULL,NULL,NULL,NULL,NULL,'028293'),
(411,'Pedro','Meza',0,2,2,3,'Inicio',2,'2023-11-17',NULL,NULL,NULL,NULL,NULL,NULL,'740422'),
(412,'Pedro','Meza',0,2,2,3,'Inicio',2,'2023-11-17','Si','2023-11-26 23:50:33','',2,2,'No','490489'),
(413,'Pedro','Garcia',1,1,1,3,'Tarde',0,'2023-11-20','Si','2023-11-23 20:59:26','Intolerancia a la lactosa ',1,0,'Otro','487323'),
(414,'Tomas','Fridrich',0,1,1,3,'Tarde',0,'2023-11-20','Si','2023-11-20 18:19:22','',1,0,'No','236647'),
(415,'Mili','Olmedro',0,1,1,3,'Tarde',0,'2023-11-20','Si','2023-11-20 19:10:40','',1,0,'No','095455'),
(416,'Caro','Aguirre',0,3,2,3,'Tarde',0,'2023-11-20','No','2023-11-26 01:00:04','',0,0,'No','438268'),
(417,'Juan ','Thomas ',1,5,2,1,'Inicio',0,'2023-11-24','Si','2023-11-24 16:43:48','',2,0,'Celiaco','434807'),
(418,'prisila ','soria',0,1,1,1,'Tarde',0,'2023-11-26','Si','2023-11-26 23:30:55','',1,0,'No','843536'),
(419,'Melisa ','gruber',0,1,1,1,'Tarde',0,'2023-11-26','Si','2023-11-28 18:05:17','',1,0,'No','562987'),
(420,'melanie ','grams',0,1,1,3,'Tarde',0,'2023-11-26','Si','2023-12-04 16:05:37','',1,0,'No','329547'),
(421,'candela ','Roldan ',0,1,1,3,'Tarde',0,'2023-11-26','Si','2023-11-28 18:05:15','',1,0,'No','105998'),
(422,'Sofia','De Franchesco',0,4,1,3,'Tarde',0,'2023-11-26','Si','2023-11-27 15:44:37','',1,0,'No','293494'),
(423,'Virginia ','Maldonado ',0,1,1,3,'Tarde',0,'2023-11-26','Si','2023-11-28 17:02:26','',1,0,'No','080300'),
(424,'Delfina ','Vanthienen ',0,1,1,3,'Tarde',0,'2023-11-26','Si','2023-12-01 13:25:05','',1,0,'No','815285'),
(425,'Alicia ','Jardin',0,1,1,1,'Tarde',0,'2023-11-26','Si','2023-11-27 21:24:00','',1,0,'No','612956'),
(426,'Berni ','Kerlakian',0,1,1,3,'Inicio',0,'2023-11-26','No','2023-11-28 20:49:50','',0,0,'No','414856'),
(427,'Maria','Figuerero',1,1,1,3,'Tarde',0,'2023-11-29','No','2023-12-06 13:38:49','',0,0,'No','341418'),
(428,'Male','Figuerero',1,1,1,3,'Tarde',0,'2023-11-29','No','2023-12-06 13:41:22','',0,0,'No','226509'),
(429,'Pilar','Garcia Olano',1,1,1,3,'Inicio',0,'2023-11-29','Si','2023-12-06 13:55:39','',1,0,'No','342704'),
(430,'Facundo','Sannez',0,1,1,1,'Tarde',0,'2023-12-03','Si','2023-12-06 13:44:09','',1,0,'No','164041'),
(431,'Jernonimo ','Pernias',0,1,1,1,'Tarde',0,'2023-12-03','Si','2023-12-06 13:54:29','',1,0,'No','607961'),
(432,'Ramon','Falcon',0,1,1,1,'Inicio',0,'2025-02-24','Si','2025-06-04 02:45:21','',1,0,'No','850909'),
(433,'Camilo','Gutierrez',2,1,2,1,'Inicio',0,'2025-02-24',NULL,NULL,NULL,NULL,NULL,NULL,'934604'),
(434,'Kevin','Garcia',1,3,2,1,'Inicio',1,'2025-02-24','Si','2025-06-04 02:45:00','',2,1,'No','107031'),
(435,'Jose','San Martin',0,2,2,3,'Inicio',0,'2025-03-09',NULL,NULL,NULL,NULL,NULL,NULL,'400391'),
(436,'Manuel','Belgrano',1,3,2,3,'Inicio',0,'2025-03-09','Si','2025-03-14 16:32:14','',2,0,'No','995634'),
(437,'Ricardo','Roca',1,1,1,1,'Inicio',0,'2025-03-09','Si','2025-03-11 21:07:56','',1,0,'No','258341'),
(438,'Juan Manuel','Rosa',1,1,1,1,'Inicio',0,'2025-03-09','No','2025-03-11 21:11:52','',0,0,'No','756103'),
(439,'Pacheco','De Melo',1,1,1,1,'Inicio',0,'2025-03-23','Si','2025-06-04 02:45:10','',1,0,'No','059741'),
(440,'Placido','Domingo',1,1,1,1,'Inicio',0,'2025-06-03','Si','2025-07-08 03:39:00','',1,0,'No','390046'),
(441,'Jose','Figuero Alcorta',0,1,1,1,'Inicio',0,'2025-06-08',NULL,NULL,NULL,NULL,NULL,NULL,'590921'),
(442,'Felicitas','Bullrich',1,1,1,1,'Inicio',0,'2025-06-18','Si','2025-07-08 03:36:58','',1,0,'No','161046'),
(443,'Alejo Argentino Julio','Roca',1,1,1,1,'Inicio',0,'2025-07-09','Si','2025-07-11 03:03:48','Esta es otra prueba\r\n',1,0,'Vegetariano','794200'),
(444,'Bernardo','Irigoyen',1,1,1,1,'Inicio',0,'2025-07-09','No','2025-07-11 03:19:38','',0,0,'No','978121'),
(445,'Jose','Ayacucho',2,1,2,1,'Inicio',0,'2025-07-09',NULL,NULL,NULL,NULL,NULL,NULL,'380093'),
(446,'Martin','Castillo',1,1,1,3,'Inicio',0,'2025-07-09','Si','2025-07-13 23:42:45','Muy celiaco',1,0,'Celiaco','914424'),
(447,'Juliana','Cabral',1,1,1,2,'Inicio',0,'2025-07-09','No','2025-07-31 05:47:51','',0,0,'No','438750'),
(448,'Juan Bautista','Alberdi',0,1,3,2,'Inicio',0,'2025-07-09',NULL,NULL,NULL,NULL,NULL,NULL,'893600'),
(449,'Domingo Faustino','Sarmiendo',1,1,1,1,'Inicio',0,'2025-07-09',NULL,NULL,NULL,NULL,NULL,NULL,'074999'),
(450,'Mariano','Moreno',1,1,1,1,'Inicio',0,'2025-07-09',NULL,NULL,NULL,NULL,NULL,NULL,'804246'),
(451,'Esteban ','Echeverrias',1,1,1,1,'Inicio',0,'2025-07-09',NULL,NULL,NULL,NULL,NULL,NULL,'745427'),
(452,'Juan Jose','Castelli',1,1,1,3,'Inicio',0,'2025-07-11','Si','2025-07-17 03:16:21','No lactoso',1,0,'Otro','130315'),
(453,'Bernardo','de Monteagudo',1,1,1,1,'Inicio',0,'2025-07-11',NULL,NULL,NULL,NULL,NULL,NULL,'883019'),
(454,'Juan Martin','de Pueyrredon',1,1,1,1,'Inicio',0,'2025-07-11',NULL,NULL,NULL,NULL,NULL,NULL,'549312'),
(455,'Cecilia','Grierson',1,1,1,1,'Inicio',0,'2025-07-11','Si','2025-08-04 00:48:49','',1,0,'No','611357'),
(456,'Adela','Zamudio',1,1,1,3,'Inicio',0,'2025-07-11',NULL,NULL,NULL,NULL,NULL,NULL,'418377'),
(457,'Margarita','Weild',1,1,2,1,'Inicio',1,'2025-07-11','Si','2025-07-17 02:55:10','',2,1,'No','102467'),
(458,'Roberto','Quiteiro',1,1,2,1,'Inicio',0,'2025-07-31',NULL,NULL,NULL,NULL,NULL,NULL,'592944'),
(459,'Patricio','Rey',1,1,1,1,'Inicio',0,'2025-07-31',NULL,NULL,NULL,NULL,NULL,NULL,'725996'),
(460,'David','Pinto',1,1,1,1,'Inicio',0,'2025-07-31',NULL,NULL,NULL,NULL,NULL,NULL,'161443'),
(461,'Tomas','Solis',1,1,1,1,'Inicio',0,'2025-07-31',NULL,NULL,NULL,NULL,NULL,NULL,'483646'),
(462,'Anastasia','Gimenez',1,1,1,1,'Inicio',0,'2025-07-31',NULL,NULL,NULL,NULL,NULL,NULL,'817925'),
(463,'Karina','Fuente',1,1,2,1,'Inicio',0,'2025-07-31',NULL,NULL,NULL,NULL,NULL,NULL,'907145'),
(464,'Damian','Caceres',1,1,1,1,'Inicio',0,'2025-07-31',NULL,NULL,NULL,NULL,NULL,NULL,'553044'),
(465,'Hernan','Alterino',0,1,1,1,'Inicio',0,'2025-07-31',NULL,NULL,NULL,NULL,NULL,NULL,'107940'),
(466,'Nicolas','Ballarino',1,1,2,1,'Inicio',0,'2025-07-31',NULL,NULL,NULL,NULL,NULL,NULL,'230902'),
(467,'Felipe','Galeano',1,1,1,1,'Inicio',0,'2025-07-31',NULL,NULL,NULL,NULL,NULL,NULL,'524409'),
(468,'Lorena','Montiel',1,1,1,1,'Inicio',0,'2025-07-31',NULL,NULL,NULL,NULL,NULL,NULL,'730861'),
(469,'Saul','Virreyres',1,1,1,1,'0',0,'2025-07-31',NULL,NULL,NULL,NULL,NULL,NULL,'798592'),
(470,'Ramiro','Callao',1,1,1,1,'0',0,'2025-07-31',NULL,NULL,NULL,NULL,NULL,NULL,'898747'),
(471,'Lucrecia','Munich',1,1,1,1,'0',0,'2025-07-31',NULL,NULL,NULL,NULL,NULL,NULL,'615312'),
(472,'Walter','Alvarez',0,1,1,1,'Inicio',0,'2025-07-31',NULL,NULL,NULL,NULL,NULL,NULL,'142293'),
(473,'Pedro','Hondura',1,1,2,1,'Inicio',0,'2025-07-31',NULL,NULL,NULL,NULL,NULL,NULL,'452920'),
(474,'German','Wilson',0,1,1,1,'Inicio',0,'2025-07-31',NULL,NULL,NULL,NULL,NULL,NULL,'484819'),
(475,'Omar','Toledo',1,1,1,1,'Inicio',0,'2025-07-31',NULL,NULL,NULL,NULL,NULL,NULL,'994284'),
(476,'Ximena','Urdapilleta',1,1,1,1,'Inicio',0,'2025-07-31',NULL,NULL,NULL,NULL,NULL,NULL,'040561'),
(477,'Pilar','Ruiz',1,1,1,1,'Inicio',0,'2025-07-31',NULL,NULL,NULL,NULL,NULL,NULL,'771991'),
(478,'Andres','Zabaleta',0,1,1,1,'Inicio',0,'2025-07-31',NULL,NULL,NULL,NULL,NULL,NULL,'773770'),
(479,'Rita','Lopez',0,1,1,1,'Inicio',0,'2025-07-31',NULL,NULL,NULL,NULL,NULL,NULL,'365290'),
(480,'Monica','Otero',1,1,1,1,'Inicio',0,'2025-07-31',NULL,NULL,NULL,NULL,NULL,NULL,'406429'),
(481,'Ernesto','Diaz',1,1,2,3,'Inicio',1,'2025-07-31','Si','2025-08-04 00:43:12','',2,1,'No','245455'),
(482,'Soledad','Portillo',1,1,1,1,'Inicio',0,'2025-08-01',NULL,NULL,NULL,NULL,NULL,NULL,'486202');

UNLOCK TABLES;

/*Table structure for table `invitados_listado_mesa` */

DROP TABLE IF EXISTS `invitados_listado_mesa`;

CREATE TABLE `invitados_listado_mesa` (
  `id_invitados` int(11) DEFAULT NULL,
  `nombre_invitado` varchar(50) DEFAULT NULL,
  `mesa` int(11) DEFAULT NULL,
  `id` int(11) NOT NULL AUTO_INCREMENT,
  `BORRAR_tel_enviar` bigint(20) DEFAULT NULL,
  UNIQUE KEY `orden_id` (`id`)
) ENGINE=InnoDB AUTO_INCREMENT=1754 DEFAULT CHARSET=utf8mb4 COLLATE=utf8mb4_unicode_ci;

/*Data for the table `invitados_listado_mesa` */

LOCK TABLES `invitados_listado_mesa` WRITE;

insert  into `invitados_listado_mesa`(`id_invitados`,`nombre_invitado`,`mesa`,`id`,`BORRAR_tel_enviar`) values 
(6,'Alexis',NULL,5,3773510350),
(8,'Andi',NULL,6,1169968924),
(9,'Anita',NULL,7,1166453208),
(10,'Argentino',NULL,8,2396589479),
(11,'Ari',NULL,9,3774407821),
(12,'Ari',NULL,10,1161962213),
(13,'Ariel',NULL,11,3774631644),
(14,'Bausti',NULL,12,1136166983),
(15,'Belen',NULL,13,2326470136),
(15,'Fran',NULL,14,0),
(16,'Tia Blanca',NULL,16,1131147516),
(17,'Cala',NULL,17,1132126442),
(20,'Cristian',NULL,18,1136537425),
(21,'Kiti',NULL,19,3774447379),
(22,'Dai',NULL,20,3774632902),
(23,'Dani',NULL,21,1169975477),
(23,'Caro',NULL,22,3774448919),
(24,'Cholin',NULL,23,3794032287),
(26,'Manzo',NULL,28,2325657223),
(26,'Lulu',NULL,29,0),
(27,'Enano',NULL,30,3774634502),
(28,'Exequiel',NULL,31,3774417640),
(29,'Fabian',NULL,32,3777417165),
(31,'Dicky',NULL,34,0),
(35,'Fer',NULL,39,3774407144),
(36,'Fer',NULL,40,1140899087),
(38,'Fini',NULL,43,1138018379),
(39,'Fran',NULL,44,1124521293),
(39,'Jose',NULL,45,1149485070),
(40,'Fran',NULL,46,1132809957),
(41,'Titi',NULL,47,2342401943),
(42,'Fran',NULL,48,3777539368),
(43,'Gaby',NULL,49,1127353878),
(44,'Gaston',NULL,50,1168630771),
(45,'Huguito',NULL,51,3773443708),
(47,'Isidoro',NULL,52,3774409670),
(48,'Isidro',NULL,53,1139249283),
(49,'Jacinto',NULL,54,2326472308),
(50,'Joaquin',NULL,55,3794609999),
(51,'Toto',NULL,56,3424473532),
(51,'Roo',NULL,57,0),
(52,'Coco',NULL,58,1131599336),
(52,'Francisca',NULL,59,3773400681),
(53,'Jose',NULL,60,1151820556),
(53,'Mer',NULL,61,1137741226),
(54,'Jose',NULL,62,3773436122),
(55,'Jose',NULL,63,3456025789),
(55,'Juli',NULL,64,0),
(55,'Vicente',NULL,65,0),
(56,'Jose',NULL,66,3773440559),
(57,'Juan',NULL,67,3773526973),
(58,'Juan',NULL,68,1155778767),
(58,'Mery',NULL,69,1124509271),
(59,'J Facundo',NULL,70,3773524902),
(60,'Juan Marco',NULL,71,1130137935),
(61,'Juanma',NULL,72,3773464938),
(62,'Juan',NULL,73,3774416467),
(62,'Colo',NULL,74,3774401478),
(62,'Pili',NULL,75,0),
(63,'Juanpe',NULL,76,1164609402),
(64,'Juan Tomas',NULL,77,3774448799),
(65,'Juan',NULL,78,2326471651),
(65,'Paula',NULL,79,0),
(67,'Justino',NULL,80,1123901321),
(68,'Lau',NULL,81,3774449103),
(69,'Leo',NULL,82,3774441954),
(69,'Fati',NULL,83,3794025046),
(70,'Leo',NULL,84,1121655206),
(71,'Leo',NULL,85,1165276387),
(72,'Leo',NULL,86,1144172939),
(73,'Lui',NULL,87,3774408475),
(73,'Tati',NULL,88,0),
(74,'Luisito',NULL,89,3773431605),
(74,'Sil',NULL,90,3774400395),
(75,'Luisina',NULL,91,3774637090),
(76,'Lulo',NULL,92,1155684850),
(77,'Marce',NULL,93,1169380666),
(79,'Marquito',NULL,94,3773417304),
(81,'Nutria',NULL,100,3773493673),
(82,'Mauri',NULL,101,3512409766),
(82,'Noe',NULL,102,0),
(83,'Maxi',NULL,103,3774407176),
(86,'Nacho',NULL,104,1165225842),
(87,'Nacho',NULL,105,1158535218),
(89,'Nico',NULL,106,3774500487),
(90,'Oscar',NULL,107,1161021742),
(90,'Joha',NULL,108,1165825642),
(91,'Pablo',NULL,109,1136479882),
(92,'Ricardo',NULL,110,1166261988),
(93,'Rodo',NULL,111,3774412272),
(94,'San',NULL,112,1158255963),
(95,'Santi',NULL,113,1164414797),
(96,'Santi',NULL,115,3774508727),
(97,'Sebastian',NULL,116,1135942125),
(98,'Simon',NULL,117,1136631677),
(98,'Laura',NULL,118,0),
(99,'Simon',NULL,119,2964717774),
(99,'Evangelina',NULL,120,0),
(100,'Sofi',NULL,121,1137748440),
(102,'Tomi',NULL,122,3774416169),
(104,'Vicky',NULL,123,1),
(105,'Vica',NULL,124,3774412273),
(107,'Vito',NULL,127,3774464336),
(108,'Vivi',NULL,128,1149370821),
(109,'Tio Lito',NULL,132,3624311748),
(122,'Fabi',NULL,135,3774512088),
(292,'Fara',NULL,136,1134092266),
(293,'Piki',NULL,137,1166855301),
(294,'Tuti',NULL,138,3777512107),
(294,'Eugenia',NULL,139,0),
(294,'Justo',NULL,140,0),
(295,'Ale',NULL,141,1130281635),
(296,'Martin Perro',NULL,142,2213558522),
(297,'Paly',NULL,143,3774447119),
(298,'Lucho',NULL,145,3794593399),
(309,'Fran',NULL,146,3774444106),
(310,'Cuervo',NULL,147,1153875768),
(314,'Paco',NULL,148,3773522136),
(315,'Rosario',NULL,149,3774411931),
(316,'Juli',NULL,150,3774490998),
(318,'Santos',NULL,152,2396574854),
(319,'Hilario',NULL,153,2226446190),
(327,'Mono',NULL,154,2326411698),
(124,'Saso',NULL,155,1160511904),
(124,'Mauge',NULL,156,1158522706),
(126,'Ine',NULL,159,1140644697),
(126,'Manu',NULL,160,1164652244),
(127,'Fran',NULL,161,1160486505),
(225,'Santiago',NULL,163,1141414856),
(225,'Lala',NULL,164,1158136905),
(226,'Santi',NULL,165,1167185342),
(227,'Tere',NULL,166,1167860059),
(227,'Joaco',NULL,167,0),
(230,'Chuchi',NULL,172,1156426228),
(231,'Pablo',NULL,173,1157375794),
(231,'Magui',NULL,174,0),
(232,'Agus',NULL,175,1157376129),
(234,'Cali',NULL,178,1151010976),
(235,'Majo',NULL,179,1144134118),
(236,'Luli',NULL,180,3546547204),
(236,'Toto',NULL,181,0),
(236,'Tobi',NULL,182,0),
(239,'Bocha',NULL,183,18183068464),
(240,'Inaki',NULL,184,1127769354),
(241,'Norma',NULL,185,1150354871),
(241,'Santi',NULL,186,0),
(242,'Toto',NULL,187,1156602868),
(242,'Toto',NULL,188,0),
(243,'Mariana',NULL,189,1132090937),
(243,'Claudio',NULL,190,0),
(244,'Nacho',NULL,192,1167335425),
(245,'Vicky',NULL,193,3816891491),
(245,'Facu',NULL,194,0),
(246,'Ceci',NULL,195,1158004160),
(246,'Negro',NULL,196,0),
(247,'Juanchi',NULL,197,1158041104),
(248,'Pedro',NULL,198,1165265047),
(249,'Mercedes',NULL,199,1168681533),
(250,'Jeronimo',NULL,200,1167409025),
(250,'Carla',NULL,201,0),
(251,'Facu',NULL,202,393459398297),
(251,'Erica',NULL,203,0),
(252,'Tomas',NULL,204,1135866415),
(252,'Delfina',NULL,205,0),
(253,'Azul',NULL,206,1159969494),
(253,'Nico ',NULL,207,0),
(253,'Mora',NULL,208,0),
(253,'Ema',NULL,209,0),
(254,'Augusto',NULL,210,18608395538),
(254,'Rochi',NULL,211,0),
(254,'Clari',NULL,213,0),
(254,'Lujan',NULL,215,0),
(254,'Cefe',NULL,216,0),
(255,'Cande',NULL,217,3388459944),
(255,'Cande',NULL,218,0),
(255,'Cande',NULL,219,0),
(255,'Cande',NULL,220,0),
(285,'Lola',NULL,221,1163354570),
(285,'Eduardo',NULL,222,0),
(286,'Pablo',NULL,223,1158735251),
(286,'Paz',NULL,224,0),
(287,'Matias',NULL,225,1132091360),
(287,'Mariana ',NULL,226,0),
(114,'Azul',NULL,227,2392553969),
(115,'Pili',NULL,228,3774432519),
(116,'Sofi',NULL,229,1127176525),
(119,'Fran',NULL,231,1167019996),
(119,'Feli',NULL,232,0),
(112,'Negro',NULL,235,1153424306),
(113,'Gon',NULL,236,1151247820),
(113,'Sofi',NULL,237,1141568675),
(129,'Clara',NULL,240,1164858803),
(130,'Tere',NULL,241,2262565697),
(130,'Eduardo',NULL,242,0),
(131,'Delfi',NULL,243,1144481714),
(131,'Nico',NULL,244,0),
(133,'Marian',NULL,245,59892905066),
(133,'Juani',NULL,246,0),
(134,'Martu',NULL,247,1134641629),
(135,'Mechi',NULL,248,1164901474),
(136,'Pili',NULL,249,1159963391),
(136,'Alejo',NULL,250,0),
(137,'Titi',NULL,251,1150088343),
(137,'Aristobulo',NULL,252,0),
(138,'Valen',NULL,253,1168035244),
(139,'Vicky',NULL,254,1140433225),
(139,'Tomi',NULL,255,0),
(140,'Maru',NULL,256,1167604382),
(140,'Juan',NULL,257,0),
(141,'Mili',NULL,258,1151532252),
(141,'Pato',NULL,259,0),
(143,'Berni',NULL,262,1161337984),
(143,'Lucas',NULL,263,0),
(144,'Ceci',NULL,264,3515720499),
(145,'Fa',NULL,265,1155737929),
(146,'Ine',NULL,266,1158156927),
(147,'Jose',NULL,267,1140865761),
(148,'Mechi',NULL,269,2926451255),
(149,'Meri',NULL,270,1136147952),
(149,'Meri',NULL,271,0),
(150,'Pauli',NULL,272,1121552119),
(152,'Vicky',NULL,273,2923469987),
(153,'Mechi',NULL,274,2216350003),
(154,'Cande',NULL,276,1164072041),
(154,'Clemen',NULL,277,0),
(155,'Clari',NULL,278,1136469254),
(155,'Santi',NULL,279,0),
(156,'Luli',NULL,280,1164888371),
(157,'Maru',NULL,281,1167952113),
(158,'Chelo',NULL,282,1162805635),
(160,'Rama',NULL,283,1162535038),
(163,'Dui',NULL,284,1163724539),
(165,'Guada',NULL,285,1136690438),
(166,'Jose',NULL,286,2392537140),
(167,'Lubi',NULL,287,2615637044),
(168,'Mariana',NULL,288,1131462252),
(169,'Mariana',NULL,289,1140863957),
(170,'Cyn',NULL,290,1151249797),
(171,'Vero',NULL,291,1150554088),
(172,'Mora',NULL,292,1153438877),
(173,'Vero',NULL,293,1141712526),
(174,'Albert',NULL,294,1131250208),
(175,'Aldi',NULL,295,1135586297),
(177,'Belu',NULL,296,1141610432),
(179,'Cari',NULL,297,1158234095),
(182,'Dai',NULL,298,1164614693),
(184,'Feli',NULL,299,1144031798),
(184,'Keno',NULL,300,0),
(185,'Fini',NULL,301,1164106195),
(186,'Flor',NULL,302,1165222898),
(187,'Lula',NULL,303,1157411542),
(188,'Majo',NULL,304,1135766099),
(189,'Maru',NULL,305,2326421685),
(191,'Mechi',NULL,306,1130805332),
(192,'Mery',NULL,307,1151553260),
(194,'Nati',NULL,308,1159958502),
(195,'Pau',NULL,309,1163627165),
(196,'Rochi',NULL,310,1165482158),
(197,'Flor',NULL,311,1169726422),
(197,'+1',NULL,312,0),
(198,'Sil',NULL,313,1155685483),
(200,'Sofi',NULL,315,1156417090),
(201,'Tuti',NULL,316,1163595457),
(202,'Mili',NULL,318,353857632998),
(202,'Marius',NULL,319,0),
(203,'Emi',NULL,320,34699683246),
(203,'Gerardo',NULL,321,0),
(204,'Cata',NULL,322,1153088375),
(204,'Edu',NULL,323,0),
(209,'Luli',NULL,324,1161938010),
(209,'Tomi',NULL,325,0),
(210,'Vicky',NULL,326,1165288541),
(210,'Juan',NULL,327,0),
(211,'Sol',NULL,328,1162535030),
(215,'Pili',NULL,329,1144051018),
(216,'Ro',NULL,330,1149287322),
(219,'Agus',NULL,331,56974542499),
(219,'Fede',NULL,332,0),
(223,'Nico',NULL,333,1131073794),
(224,'Oli',NULL,334,1131445957),
(299,'Flor',NULL,335,61434513927),
(300,'Lu',NULL,336,1165641821),
(301,'Marian',NULL,337,1140574315),
(301,'Angel',NULL,338,0),
(302,'Gonza',NULL,339,1160299079),
(302,'Domi',NULL,340,1131984574),
(311,'Belu',NULL,341,34655495801),
(320,'Gon',NULL,342,1163542866),
(323,'Estela',NULL,343,1150436024),
(256,'Juan',NULL,344,1164979051),
(256,'Euge',NULL,345,1165044794),
(257,'Ines',NULL,346,1123054893),
(258,'Lucas',NULL,347,1136152559),
(259,'Charly',NULL,348,1153460545),
(259,'Andrea',NULL,349,1150641510),
(260,'Miguel',NULL,350,1156518826),
(260,'Miguel',NULL,351,1162918824),
(261,'Nicolas',NULL,352,1154872538),
(261,'Silvina',NULL,353,1134432303),
(262,'Nacho',NULL,354,1151818111),
(262,'Pao',NULL,355,1144793464),
(263,'Mer',NULL,356,1164545619),
(264,'Meme',NULL,357,1133585104),
(265,'Pablo',NULL,358,1166698214),
(265,'Vero',NULL,359,1140227449),
(266,'Julito',NULL,360,1144179112),
(266,'Ana',NULL,361,1144473214),
(267,'Rogelio',NULL,362,3544556377),
(267,'Ale',NULL,363,3517521645),
(268,'Nico',NULL,364,1162282721),
(268,'Caro',NULL,365,1155759048),
(269,'Jose',NULL,366,1144127338),
(269,'Mariana',NULL,367,1144398543),
(271,'Hernan',NULL,370,1137665535),
(271,'Maria',NULL,371,1137665282),
(272,'Emilio',NULL,372,1144111663),
(272,'May',NULL,373,1149712781),
(274,'Cris',NULL,377,1149922916),
(274,'Elo',NULL,378,1144102106),
(275,'Gus',NULL,379,1161808388),
(275,'Clau',NULL,380,0),
(277,'Pato',NULL,381,1144051684),
(277,'Malen',NULL,382,1144051485),
(280,'Fernando',NULL,385,1132091362),
(280,'Maria Ines',NULL,386,0),
(281,'Alberto',NULL,387,1132157853),
(281,'Paty',NULL,388,0),
(283,'Yonio',NULL,391,1163324490),
(284,'Omar',NULL,393,1155944274),
(284,'Ceci',NULL,394,1155144576),
(322,'Marce',NULL,396,1150124620),
(324,'Violeta',NULL,397,1131888034),
(324,'Gus',NULL,398,1170287355),
(325,'Cyn',NULL,399,1152573107),
(325,'Marcelo',NULL,400,1138254059),
(326,'Carla',NULL,401,1150594767),
(328,'Gus',NULL,402,1150417910),
(329,'Pablo',NULL,403,1151610509),
(330,'Pine',NULL,404,1169181857),
(331,'Emi',NULL,405,2284652376),
(332,'Guille',NULL,406,1140834471),
(333,'Emi',NULL,407,1159635809),
(335,'Ezequiel',NULL,408,3516677012),
(335,'Martita',NULL,409,0),
(336,'Tia Lina',NULL,410,3774516201),
(337,'Tia Pabla',NULL,411,3774516201),
(338,'Betty',NULL,412,3774516201),
(339,'Vane',NULL,413,3774516201),
(340,'Lucio',NULL,414,3794153510),
(340,'Claudia',NULL,415,0),
(340,'Luciano',NULL,416,0),
(340,'Luisina',NULL,417,0),
(340,'Leonela',NULL,418,0),
(341,'Carlos',NULL,419,3774516201),
(342,'Lucy',NULL,420,3774516201),
(343,'Maria Luz',NULL,421,3774592560),
(343,'Aymi',NULL,422,0),
(344,'Diego',NULL,423,3774632423),
(344,'Xiomara',NULL,424,0),
(345,'Gabriela',NULL,425,3774516201),
(346,'Mario',NULL,426,3774516201),
(346,'Zule',NULL,427,0),
(347,'Miriam',NULL,428,3774516201),
(313,'Mili',NULL,429,1134412907),
(334,'Marga',NULL,430,2326412697),
(78,'Marcos',NULL,431,1150519985),
(101,'Tadeo',NULL,432,2226457957),
(103,'Victo',NULL,433,1126464512),
(348,'Feli',NULL,434,1167448553),
(349,'Chuky',NULL,435,2645877771),
(351,'Dana',NULL,436,1170024734),
(352,'Gi',NULL,437,1144445946),
(353,'Nilda',NULL,438,1163074253),
(354,'Rocio',NULL,439,1136469766),
(356,'Mario',NULL,440,1131147516),
(355,'Guadalupe',NULL,441,3774450028),
(355,'Pocha',NULL,442,0),
(355,'Poqui',NULL,443,0),
(355,'Lolo',NULL,444,0),
(68,'Agus',NULL,445,0),
(224,'Agustin',NULL,446,0),
(237,'Clarita',NULL,447,12026298413),
(237,'Sebas',NULL,448,0),
(238,'Jofi',NULL,449,12027259064),
(238,'Rodrigo',NULL,450,0),
(276,'Ines',NULL,451,1149396387),
(276,'Patricio',NULL,452,0),
(279,'Martin',NULL,453,1155844500),
(279,'Mariela',NULL,454,0),
(359,'Raul',NULL,455,1130730007),
(359,'Angeles',NULL,456,0),
(360,'Ines',NULL,457,1162451558),
(361,'Maria',NULL,458,1159921152),
(248,'Joji',NULL,459,0),
(362,'Sol',NULL,460,1124615880),
(362,'Andres',NULL,461,0),
(363,'Aldana',NULL,463,3624245860),
(363,'Marlen',NULL,464,0),
(364,'Agus',NULL,465,1127789603),
(365,'Toni',NULL,466,1130895593),
(366,'Agulio',NULL,467,1130895593),
(367,'Troso',NULL,468,1130895593),
(368,'Gavino',NULL,469,1130895593),
(369,'Marquitos',NULL,470,1130895593),
(370,'Felo',NULL,471,1130895593),
(371,'Chino',NULL,472,1130895593),
(372,'Yudi',NULL,473,1130895593),
(373,'Max',NULL,474,1130895593),
(374,'Churly',NULL,475,1130895593),
(375,'Juanchi',NULL,476,1130895593),
(376,'Murga',NULL,477,1164652244),
(377,'Jane',NULL,478,1164652244),
(379,'Marga',NULL,479,1164652244),
(380,'Delf',NULL,480,1164652244),
(381,'Jacinta',NULL,481,1164652244),
(382,'Titu',NULL,482,1164652244),
(383,'Marin',NULL,483,1164652244),
(384,'Maca',NULL,484,1164652244),
(385,'K',NULL,485,1164652244),
(386,'Luli',NULL,486,1164652244),
(387,'Gucha',NULL,487,1164652244),
(288,'Joaco',NULL,488,1160486505),
(289,'Domi',NULL,489,1160486505),
(290,'Pedro',NULL,490,1160486505),
(307,'Manu',NULL,491,1160486505),
(308,'Dimas',NULL,492,1160486505),
(350,'Benja',NULL,493,1160486505),
(388,'Ailu',NULL,494,1151112165),
(389,'Agus',NULL,495,1151112165),
(390,'Gonzalo',NULL,496,1141722723),
(390,'Juana',NULL,497,0),
(391,'Diego',NULL,498,1132038049),
(391,'Anita',NULL,499,0),
(392,'Chinchu',NULL,500,1123243252),
(393,'Lucia',NULL,501,3774466744),
(394,'Lourdes',NULL,502,3774475873),
(88,'Nico',NULL,504,3774636428),
(395,'Echeverria',NULL,505,3454097356),
(397,'Elias',NULL,506,3774438166),
(398,'Ro',NULL,507,1165063811),
(400,'Mono',NULL,508,1156395734),
(158,'Agus',NULL,510,0),
(413,'Pepo',NULL,511,1123065862),
(414,'Tomas',NULL,512,1),
(415,'Mili',NULL,513,1),
(404,'Leo',NULL,516,2325595530),
(118,'Juana',NULL,517,3777479993),
(412,'Pedro',NULL,518,1),
(412,'Agus',NULL,519,0),
(412,'Polito',NULL,520,0),
(412,'Asun',NULL,521,0),
(417,'Juan',NULL,522,1154970388),
(417,'Machu',NULL,523,1153405809),
(7,'Ana',NULL,524,1136642566),
(43,'Yenifer',NULL,525,0),
(418,'Pri',NULL,526,1151112165),
(419,'Meli',NULL,527,1151112165),
(420,'Melanie',NULL,528,1151112165),
(421,'Cande',NULL,529,1151112165),
(422,'Chow',NULL,530,1151112165),
(423,'Vir',NULL,531,1151112165),
(424,'Delfi',NULL,532,1151112165),
(425,'Ali',NULL,533,1151112165),
(426,'Berni',NULL,534,1151112165),
(427,'Maria',NULL,535,3773456819),
(428,'Male',NULL,536,3773627459),
(429,'Pili',NULL,537,3774445206),
(63,'Perico',NULL,538,0),
(401,'Edu',NULL,539,1149178090),
(430,'Facu',NULL,540,1151112165),
(431,'Jero',NULL,541,1),
(403,'Tan',NULL,542,1),
(349,'Chuky',NULL,546,NULL),
(214,'Anderson',NULL,548,NULL),
(5,'Lechon',NULL,630,NULL),
(5,'Lechona',NULL,631,NULL),
(5,'Lechona 2',NULL,632,NULL),
(217,'Agus',NULL,634,NULL),
(4,'Aldositi',NULL,635,NULL),
(4,'La novia',NULL,636,NULL),
(432,'Moncho',NULL,637,NULL),
(433,'Camilo',NULL,638,NULL),
(34,'Choterito',NULL,678,NULL),
(434,'Kevinton',NULL,859,NULL),
(434,'Maria',NULL,860,NULL),
(434,'Mercedes',NULL,861,NULL),
(106,'Tio Hugo',NULL,873,NULL),
(106,'Tia Mirta',NULL,874,NULL),
(32,'Fede',NULL,938,NULL),
(435,'Pepe',NULL,939,NULL),
(435,'Barbita',NULL,940,NULL),
(436,'Manu',NULL,941,NULL),
(436,'Ramonita',NULL,942,NULL),
(437,'Richar',NULL,943,NULL),
(228,'Agus',NULL,987,NULL),
(228,'Pocho',NULL,988,NULL),
(228,'Oli',NULL,989,NULL),
(128,'Ito',NULL,994,NULL),
(128,'Agus',NULL,995,NULL),
(233,'Guada',NULL,1003,NULL),
(233,'Goto',NULL,1004,NULL),
(439,'Pacheco',NULL,1320,NULL),
(125,'Joaco',NULL,1329,NULL),
(125,'Francisca',NULL,1330,NULL),
(416,'Caro',NULL,1331,NULL),
(416,'Momo',NULL,1332,NULL),
(229,'Pedro',NULL,1334,NULL),
(199,'Rulo',NULL,1458,NULL),
(440,'Placi',NULL,1503,NULL),
(291,'Mi padrino preferido',NULL,1528,NULL),
(441,'Pepe',NULL,1529,NULL),
(33,'Fer',NULL,1535,NULL),
(33,'Maca',NULL,1536,NULL),
(33,'Faca',NULL,1537,NULL),
(443,'Alejo',NULL,1540,NULL),
(444,'Bernardo',NULL,1541,NULL),
(445,'Pepe',NULL,1542,NULL),
(445,'Josefina',NULL,1543,NULL),
(446,'Martin',NULL,1544,NULL),
(447,'Juli',NULL,1545,NULL),
(448,'Bausti',NULL,1546,NULL),
(448,'Marta',NULL,1547,NULL),
(448,'Maria',NULL,1548,NULL),
(449,'Sarmiento',NULL,1549,NULL),
(450,'Mariano',NULL,1550,NULL),
(451,'Esteban',NULL,1552,NULL),
(438,'Juanma',NULL,1553,NULL),
(452,'Juanjo',NULL,1554,NULL),
(453,'Berna',NULL,1555,NULL),
(454,'Juanma',NULL,1556,NULL),
(455,'Ceci',NULL,1557,NULL),
(456,'Adela',NULL,1558,NULL),
(457,'Marga',NULL,1562,NULL),
(457,'Jose',NULL,1563,NULL),
(457,'Nachin',NULL,1564,NULL),
(80,'Martin',NULL,1570,NULL),
(80,'Gi',NULL,1571,NULL),
(80,'Fausti',NULL,1572,NULL),
(80,'Josefina',NULL,1573,NULL),
(80,'Cruz',NULL,1574,NULL),
(221,'Cortes',NULL,1577,NULL),
(142,'Agus',NULL,1578,NULL),
(317,'Belisario',NULL,1579,NULL),
(120,'Fran',NULL,1580,NULL),
(120,'Teresa',NULL,1581,NULL),
(458,'Rober',NULL,1595,NULL),
(458,'Nai',NULL,1596,NULL),
(459,'Pato',NULL,1597,NULL),
(460,'David',NULL,1598,NULL),
(461,'Tomi',NULL,1599,NULL),
(462,'Ana',NULL,1600,NULL),
(464,'Damian',NULL,1603,NULL),
(465,'Hernan',NULL,1604,NULL),
(467,'Feli',NULL,1606,NULL),
(468,'Lore',NULL,1607,NULL),
(469,'Saul',NULL,1608,NULL),
(470,'Rami',NULL,1609,NULL),
(471,'Lucre',NULL,1610,NULL),
(472,'Walter',NULL,1611,NULL),
(473,'Pedro',NULL,1615,NULL),
(473,'Jose',NULL,1616,NULL),
(474,'German',NULL,1617,NULL),
(475,'Omar',NULL,1618,NULL),
(476,'Xime',NULL,1619,NULL),
(477,'Pili',NULL,1620,NULL),
(478,'Andres',NULL,1621,NULL),
(479,'Rita',NULL,1624,NULL),
(480,'Moni',NULL,1625,NULL),
(482,'Sol',NULL,1633,NULL),
(37,'Fidel',NULL,1642,NULL),
(37,'Sil',NULL,1643,NULL),
(463,'Kari',NULL,1661,NULL),
(463,'Jose',NULL,1662,NULL),
(442,'Feli',NULL,1677,NULL),
(25,'Diego',NULL,1678,NULL),
(25,'Belu',NULL,1679,NULL),
(25,'Francisco',NULL,1680,NULL),
(25,'Pachi',NULL,1681,NULL),
(278,'Alex',NULL,1736,NULL),
(278,'Pilu',NULL,1737,NULL),
(270,'Matias',NULL,1738,NULL),
(270,'Celi',NULL,1739,NULL),
(117,'Josefina',NULL,1740,NULL),
(273,'Ivone',NULL,1743,NULL),
(273,'Diego',NULL,1744,NULL),
(1,'Agustin',NULL,1745,NULL),
(2,'Agus',NULL,1746,NULL),
(3,'Agus',NULL,1748,NULL),
(481,'Ernesto',NULL,1749,NULL),
(481,'Patricia',NULL,1750,NULL),
(481,'Dani',NULL,1751,NULL),
(466,'Nico',NULL,1752,NULL),
(466,'Flor',NULL,1753,NULL);

UNLOCK TABLES;

/*Table structure for table `invitados_prioridad` */

DROP TABLE IF EXISTS `invitados_prioridad`;

CREATE TABLE `invitados_prioridad` (
  `id` int(11) NOT NULL AUTO_INCREMENT,
  `categoria_prioridad` varchar(25) NOT NULL,
  PRIMARY KEY (`id`)
) ENGINE=InnoDB AUTO_INCREMENT=5 DEFAULT CHARSET=latin1 COLLATE=latin1_swedish_ci;

/*Data for the table `invitados_prioridad` */

LOCK TABLES `invitados_prioridad` WRITE;

insert  into `invitados_prioridad`(`id`,`categoria_prioridad`) values 
(1,'Importante'),
(2,'Medio Importante'),
(3,'Normal'),
(4,'No necesario');

UNLOCK TABLES;

/*Table structure for table `invitados_tel` */

DROP TABLE IF EXISTS `invitados_tel`;

CREATE TABLE `invitados_tel` (
  `id` int(11) NOT NULL AUTO_INCREMENT,
  `id_invitados` int(11) DEFAULT NULL,
  `tel_enviar` bigint(20) DEFAULT NULL,
  KEY `id` (`id`)
) ENGINE=InnoDB AUTO_INCREMENT=449 DEFAULT CHARSET=utf8mb4 COLLATE=utf8mb4_unicode_ci;

/*Data for the table `invitados_tel` */

LOCK TABLES `invitados_tel` WRITE;

insert  into `invitados_tel`(`id`,`id_invitados`,`tel_enviar`) values 
(1,3,1131648789),
(2,6,3773510350),
(3,8,1169968924),
(4,9,1166453208),
(5,10,2396589479),
(6,11,3774407821),
(7,12,1161962213),
(8,13,3774631644),
(9,14,1136166983),
(10,15,2326470136),
(11,16,1131147516),
(12,17,1132126442),
(13,20,1136537425),
(14,21,3774447379),
(15,22,3774632902),
(16,23,1169975477),
(17,23,3774448919),
(18,24,3794032287),
(19,26,2325657223),
(20,27,3774634502),
(21,28,3774417640),
(22,29,3777417165),
(23,35,3774407144),
(24,36,1140899087),
(25,38,1138018379),
(26,39,1124521293),
(27,39,1149485070),
(28,40,1132809957),
(29,41,2342401943),
(30,42,3777539368),
(31,43,1127353878),
(32,44,1168630771),
(33,45,3773443708),
(34,47,3774409670),
(35,48,1139249283),
(36,49,2326472308),
(37,50,3794609999),
(38,51,3424473532),
(39,52,1131599336),
(40,52,3773400681),
(41,53,1151820556),
(42,53,1137741226),
(43,54,3773436122),
(44,55,3456025789),
(45,56,3773440559),
(46,57,3773526973),
(47,58,1155778767),
(48,58,1124509271),
(49,59,3773524902),
(50,60,1130137935),
(51,61,3773464938),
(52,62,3774416467),
(53,62,3774401478),
(54,63,1164609402),
(55,64,3774448799),
(56,65,2326471651),
(57,67,1123901321),
(58,68,3774449103),
(59,69,3774441954),
(60,69,3794025046),
(61,70,1121655206),
(62,71,1165276387),
(63,72,1144172939),
(64,73,3774408475),
(65,74,3773431605),
(66,74,3774400395),
(67,75,3774637090),
(68,76,1155684850),
(69,77,1169380666),
(70,79,3773417304),
(71,81,3773493673),
(72,82,3512409766),
(73,83,3774407176),
(74,86,1165225842),
(75,87,1158535218),
(76,89,3774500487),
(77,90,1161021742),
(78,90,1165825642),
(79,91,1136479882),
(80,92,1166261988),
(81,93,3774412272),
(82,94,1158255963),
(83,95,1164414797),
(84,96,3774508727),
(85,97,1135942125),
(86,98,1136631677),
(87,99,2964717774),
(88,100,1137748440),
(89,102,3774416169),
(90,105,3774412273),
(91,107,3774464336),
(92,108,1149370821),
(93,109,3624311748),
(94,122,3774512088),
(95,292,1134092266),
(96,293,1166855301),
(97,294,3777512107),
(98,295,1130281635),
(99,296,2213558522),
(100,297,3774447119),
(101,298,3794593399),
(102,309,3774444106),
(103,310,1153875768),
(104,314,3773522136),
(105,315,3774411931),
(106,316,3774490998),
(107,317,2396587388),
(108,318,2396574854),
(109,319,2226446190),
(110,327,2326411698),
(111,124,1160511904),
(112,124,1158522706),
(113,126,1140644697),
(114,126,1164652244),
(115,127,1160486505),
(116,225,1141414856),
(117,225,1158136905),
(118,226,1167185342),
(119,227,1167860059),
(120,230,1156426228),
(121,231,1157375794),
(122,232,1157376129),
(123,234,1151010976),
(124,235,1144134118),
(125,236,3546547204),
(126,239,18183068464),
(127,240,1127769354),
(128,241,1150354871),
(129,242,1156602868),
(130,243,1132090937),
(131,244,1167335425),
(132,245,3816891491),
(133,246,1158004160),
(134,247,1158041104),
(135,248,1165265047),
(136,249,1168681533),
(137,250,1167409025),
(138,251,393459398297),
(139,252,1135866415),
(140,253,1159969494),
(141,254,18608395538),
(142,255,3388459944),
(143,285,1163354570),
(144,286,1158735251),
(145,287,1132091360),
(146,114,2392553969),
(147,115,3774432519),
(148,116,1127176525),
(150,119,1167019996),
(151,120,1150380407),
(152,112,1153424306),
(153,113,1151247820),
(154,113,1141568675),
(155,129,1164858803),
(156,130,2262565697),
(157,131,1144481714),
(158,133,59892905066),
(159,134,1134641629),
(160,135,1164901474),
(161,136,1159963391),
(162,137,1150088343),
(163,138,1168035244),
(164,139,1140433225),
(165,140,1167604382),
(166,141,1151532252),
(167,142,3515503011),
(168,143,1161337984),
(169,144,3515720499),
(170,145,1155737929),
(171,146,1158156927),
(172,147,1140865761),
(173,148,2926451255),
(174,149,1136147952),
(175,150,1121552119),
(176,152,2923469987),
(177,153,2216350003),
(178,154,1164072041),
(179,155,1136469254),
(180,156,1164888371),
(181,157,1167952113),
(182,158,1162805635),
(183,160,1162535038),
(184,163,1163724539),
(185,165,1136690438),
(186,166,2392537140),
(187,167,2615637044),
(188,168,1131462252),
(189,169,1140863957),
(190,170,1151249797),
(191,171,1150554088),
(192,172,1153438877),
(193,173,1141712526),
(194,174,1131250208),
(195,175,1135586297),
(196,177,1141610432),
(197,179,1158234095),
(198,182,1164614693),
(199,184,1144031798),
(200,185,1164106195),
(201,186,1165222898),
(202,187,1157411542),
(203,188,1135766099),
(204,189,2326421685),
(205,191,1130805332),
(206,192,1151553260),
(207,194,1159958502),
(208,195,1163627165),
(209,196,1165482158),
(210,197,1169726422),
(211,198,1155685483),
(212,200,1156417090),
(213,201,1163595457),
(214,202,353857632998),
(215,203,34699683246),
(216,204,1153088375),
(217,209,1161938010),
(218,210,1165288541),
(219,211,1162535030),
(220,215,1144051018),
(221,216,1149287322),
(222,219,56974542499),
(223,223,1131073794),
(224,224,1131445957),
(225,299,61434513927),
(226,300,1165641821),
(227,301,1140574315),
(228,302,1160299079),
(229,302,1131984574),
(230,311,34655495801),
(231,320,1163542866),
(232,323,1150436024),
(233,256,1164979051),
(234,256,1165044794),
(235,257,1123054893),
(236,258,1136152559),
(237,259,1153460545),
(238,259,1150641510),
(239,260,1156518826),
(240,260,1162918824),
(241,261,1154872538),
(242,261,1134432303),
(243,262,1151818111),
(244,262,1144793464),
(245,263,1164545619),
(246,264,1133585104),
(247,265,1166698214),
(248,265,1140227449),
(249,266,1144179112),
(250,266,1144473214),
(251,267,3544556377),
(252,267,3517521645),
(253,268,1162282721),
(254,268,1155759048),
(255,269,1144127338),
(256,269,1144398543),
(257,270,9999999999),
(258,270,8888888888),
(259,271,1137665535),
(260,271,1137665282),
(261,272,1144111663),
(262,272,1149712781),
(265,274,1149922916),
(266,274,1144102106),
(267,275,1161808388),
(268,277,1144051684),
(269,277,1144051485),
(272,280,1132091362),
(273,281,1132157853),
(274,283,1163324490),
(275,284,1155944274),
(276,284,1155144576),
(277,322,1150124620),
(278,324,1131888034),
(279,324,1170287355),
(280,325,1152573107),
(281,325,1138254059),
(282,326,1150594767),
(283,328,1150417910),
(284,329,1151610509),
(285,330,1169181857),
(286,331,2284652376),
(287,332,1140834471),
(288,333,1159635809),
(289,335,3516677012),
(290,336,3774516201),
(291,337,3774516201),
(292,338,3774516201),
(293,339,3774516201),
(294,340,3794153510),
(295,341,3774516201),
(296,342,3774516201),
(297,343,3774592560),
(298,344,3774632423),
(299,345,3774516201),
(300,346,3774516201),
(301,347,3774516201),
(302,313,1134412907),
(303,334,2326412697),
(304,78,1150519985),
(305,101,2226457957),
(306,103,1126464512),
(307,348,1167448553),
(308,349,2645877771),
(309,351,1170024734),
(310,352,1144445946),
(311,353,1163074253),
(312,354,1136469766),
(313,356,1131147516),
(314,355,3774450028),
(315,237,12026298413),
(316,238,12027259064),
(317,276,1149396387),
(318,279,1155844500),
(319,359,1130730007),
(320,360,1162451558),
(321,361,1159921152),
(322,362,1124615880),
(323,363,3624245860),
(324,364,1127789603),
(325,365,1130895593),
(326,366,1130895593),
(327,367,1130895593),
(328,368,1130895593),
(329,369,1130895593),
(330,370,1130895593),
(331,371,1130895593),
(332,372,1130895593),
(333,373,1130895593),
(334,374,1130895593),
(335,375,1130895593),
(336,376,1164652244),
(337,377,1164652244),
(338,379,1164652244),
(339,380,1164652244),
(340,381,1164652244),
(341,382,1164652244),
(342,383,1164652244),
(343,384,1164652244),
(344,385,1164652244),
(345,386,1164652244),
(346,387,1164652244),
(347,288,1160486505),
(348,289,1160486505),
(349,290,1160486505),
(350,307,1160486505),
(351,308,1160486505),
(352,350,1160486505),
(353,388,1151112165),
(354,389,1151112165),
(355,390,1141722723),
(356,391,1132038049),
(357,392,1123243252),
(358,393,3774466744),
(359,394,3774475873),
(360,88,3774636428),
(361,395,3454097356),
(362,397,3774438166),
(363,398,1165063811),
(364,400,1156395734),
(365,413,1123065862),
(366,404,2325595530),
(367,118,3777479993),
(368,417,1154970388),
(369,417,1153405809),
(370,7,1136642566),
(371,418,1151112165),
(372,419,1151112165),
(373,420,1151112165),
(374,421,1151112165),
(375,422,1151112165),
(376,423,1151112165),
(377,424,1151112165),
(378,425,1151112165),
(379,426,1151112165),
(380,427,3773456819),
(381,428,3773627459),
(382,429,3774445206),
(383,401,1149178090),
(384,430,1151112165),
(385,434,7412589639),
(386,106,3774464338),
(387,32,3774431664),
(388,435,5412547896),
(389,436,1478526985),
(390,436,7478569874),
(391,437,8547123698),
(392,228,1156586553),
(393,128,1141645608),
(394,1,1131648789),
(395,233,1126442781),
(396,221,5478962369),
(397,439,1158969878),
(398,125,1130895593),
(399,416,1236587456),
(400,229,1136159400),
(401,199,1168921229),
(402,440,1147859856),
(403,291,9931648789),
(404,441,1874596966),
(405,37,1131648789),
(406,33,7856984585),
(407,33,7859987459),
(408,33,7456999887),
(410,443,7896321459),
(411,444,4569874523),
(412,445,5896587456),
(413,446,6321458966),
(414,447,2547856981),
(415,448,4125874896),
(416,449,6785412563),
(417,450,2541456987),
(418,451,3647859612),
(419,438,1145879681),
(420,452,4578965214),
(421,453,7485963214),
(422,454,6547856999),
(423,455,2478965232),
(424,456,3254123698),
(425,457,4712547896),
(427,2,4569869871),
(428,80,7949467946),
(430,442,1131648789),
(431,25,1131648789),
(436,117,1111111111),
(437,273,1111111111),
(443,278,9999999999),
(446,481,9841254785),
(447,466,5874412544),
(448,466,4785692363);

UNLOCK TABLES;

/*Table structure for table `productos` */

DROP TABLE IF EXISTS `productos`;

CREATE TABLE `productos` (
  `id` int(11) NOT NULL AUTO_INCREMENT,
  `titulo` varchar(255) NOT NULL,
  `descripcion` text NOT NULL,
  `precio` decimal(10,2) NOT NULL,
  `activo` int(1) NOT NULL,
  PRIMARY KEY (`id`)
) ENGINE=InnoDB AUTO_INCREMENT=82 DEFAULT CHARSET=latin1 COLLATE=latin1_swedish_ci;

/*Data for the table `productos` */

LOCK TABLES `productos` WRITE;

insert  into `productos`(`id`,`titulo`,`descripcion`,`precio`,`activo`) values 
(1,'Heladera Bespoke freezer inferior 328L Satin Gray','La heladera Samsung Bespoke Freezer Inferior tiene un diseño fino e innovador que combina en cualquier tipo de cocina, con una capacidad de 328 litros. En su interior, cuenta con estantes de vidrio templado y cajón para frutas y verduras. Además, de puertas reversibles, es decir, que siempre será ideal para la disposición preferida de tu cocina. Cada puerta puede invertirse simplemente cambiando las bisagras. Así, se adapta a casi cualquier lugar y puedes disfrutar de la comodidad de hacer las cosas como a ti te gusta.',650000.00,1),
(2,'Microondas Whirlpool 20 Litros WMS20AS Plata','El microondas WMS20AS Whirlpool tiene un diseño moderno color gris con negro.',90000.00,1),
(3,'Mesa estilo provenzal','Mesa estilo provenzal con 2 tablas extensibles en madera tallada , Mide 206 cm por 100 cm y 80 cm de alto',210000.00,1),
(4,'Sillas estilo provenzal','Precio por unidad. 6 sillas estilo provenzal con asientos empajado.',35000.00,1),
(5,'Pasajes aeros','Regala boletos de vuelo para tu próximo viaje.',500000.00,1),
(6,'Hotel all inclusive','Regala de una estadía completa con todo incluido en un lujoso hotel.',400000.00,1),
(7,'Set tazas de cafe','Conjunto de elegantes tazas para saborear tu café favorito.',16000.00,1),
(8,'Horno grill Atma 30 litros','Horno grill compacto de 30 litros de capacidad para cocinar deliciosas comidas.',70600.00,1),
(9,'Juego de toallas','Juego completo de suaves toallas para tu baño.',50000.00,1),
(10,'Lavarropas carga frontal samsung 6 KG','Lavadora de carga frontal Samsung con capacidad de 6 KG.',225000.00,1),
(11,'Pava Electrica','Hervidor eléctrico para calentar agua de manera rápida y eficiente.',35000.00,1),
(12,'Cafetera Dolce Gusto','Máquina de café Dolce Gusto para preparar café de alta calidad en casa.',72000.00,1),
(13,'Puff','Asiento informal tipo puff para relajarte cómodamente.',25000.00,1),
(14,'Lampara Paz','Lámpara de mesa con un diseño que inspira paz y tranquilidad.',42000.00,1),
(15,'Banco','Asiento sin respaldo ideal para espacios al aire libre.',55000.00,1),
(16,'Respaldo de cama','Cabecera de cama elegante y funcional.',85000.00,1),
(17,'Sillon','Cómodo asiento acolchado para descansar.',250000.00,1),
(18,'Banqueta de cuero','Taburete de cuero de alta calidad.',80000.00,1),
(19,'Traslado aeropuerto','Servicio de transporte conveniente desde y hacia el aeropuerto.',15000.00,1),
(20,'Espejo de hierro','Espejo de diseño robusto y moderno con marco de hierro.',43000.00,1),
(21,'Set de cubiertos','Conjunto completo de cubiertos para tu mesa.',30000.00,1),
(22,'Vela aromatica','Vela perfumada para crear un ambiente relajante y aromático.',10000.00,1),
(23,'Alfombra de bano','Una suave alfombra diseñada para absorber el agua después de la ducha.',9000.00,1),
(24,'Lampara','Una fuente de luz elegante y funcional que ilumina cualquier habitación con estilo.',20000.00,1),
(25,'Alfombra de yuste','Una alfombra tejida de forma natural que agrega un toque rústico a tu decoración.',45000.00,1),
(26,'Sillon de un cuerpo','Un asiento acogedor y compacto perfecto para relajarse.',150000.00,1),
(27,'Silla roble','Una silla de madera resistente y clásica que combina con cualquier mesa.',70000.00,1),
(28,'Licuadora','Un aparato de cocina que mezcla y pulveriza ingredientes para hacer deliciosos batidos y sopas.',25000.00,1),
(29,'Tostadora','Un electrodoméstico que tuesta rebanadas de pan para un desayuno rápido.',30000.00,1),
(30,'Cafetera express moderna','Una máquina de café de alta gama que prepara espressos y cappuccinos perfectos.',110000.00,1),
(31,'Espumadora de leche','Un utensilio que crea espuma para dar un toque especial a tu café.',40000.00,1),
(32,'Minipimer','Una batidora de mano versátil para preparar sopas, purés y salsas.',50000.00,1),
(33,'Batidora','Un aparato que mezcla ingredientes para hacer pasteles, batidos y más.',65000.00,1),
(34,'Masajes en la playa','Un servicio de relajantes masajes en la playa para disfrutar de las olas y la brisa.',38000.00,1),
(35,'Vasos copones','Vasos elegantes y grandes para servir cócteles y bebidas especiales.',17000.00,1),
(36,'Vasos de cerveza','Vasos diseñados para realzar el sabor de la cerveza.',16000.00,1),
(37,'Copas de vino','Copas de cristal ideales para degustar y disfrutar de vinos finos.',20000.00,1),
(38,'Mantel impermeable','Un mantel resistente al agua para proteger tu mesa de derrames.',25000.00,1),
(39,'Individuales de mesa','Tapetes individuales que agregan estilo y protegen tu mesa.',9000.00,1),
(40,'Individuales de yute','Tapetes individuales tejidos de yute, perfectos para una mesa rústica.',20000.00,1),
(41,'Comoda petibiri','Un mueble de almacenamiento elegante y funcional para tu dormitorio.',200000.00,1),
(42,'Vajillero roma','Un mueble diseñado para guardar y exhibir tu vajilla de manera elegante.',250000.00,1),
(43,'Mesa ratona petibiri','Una mesa de centro pequeña y elegante para tu sala de estar.',150000.00,1),
(44,'Florero de ceramica','Un jarrón decorativo para exhibir tus flores favoritas.',10000.00,1),
(45,'Tazas de ceramica','Tazas elegantes y duraderas para disfrutar de tu bebida caliente favorita.',12000.00,1),
(46,'Platos de ceramica','Platos resistentes y estilosos para presentar tus comidas con elegancia.',45000.00,1),
(47,'Noche de bodas','Una experiencia romántica y especial para celebrar tu matrimonio.',200000.00,1),
(48,'Jarra de ceramica','Una jarra decorativa y funcional para servir bebidas.',9800.00,1),
(49,'Perchero de pie','Un soporte para colgar abrigos y accesorios en la entrada de tu hogar.',50000.00,1),
(50,'Perchero','Un accesorio práctico para organizar y colgar ropa y accesorios.',35000.00,1),
(51,'Set Cazuela','Un conjunto de ollas y sartenes ideales para cocinar guisos y platos deliciosos.',20000.00,1),
(52,'Juego de sabanas','Un juego de sábanas suaves y cómodas para tu cama.',80000.00,1),
(53,'Plumon de microfibra','Un edredón ligero y acogedor para mantenerse cálido durante la noche.',135000.00,1),
(54,'Pie de cama','Un accesorio decorativo que se coloca al pie de la cama para dar estilo.',25000.00,1),
(55,'Almohadones plain','Cojines simples y elegantes para decorar tu sofá o cama.',30000.00,1),
(56,'Almohadon de algodon','Un cojín suave y mullido para mayor comodidad.',25000.00,1),
(57,'Cacerola essen','Una cacerola de alta calidad para cocinar todo tipo de recetas.',200000.00,1),
(58,'Canasto organizadores','Cestas versátiles para organizar y almacenar objetos en tu hogar.',25000.00,1),
(59,'Pizzera','Una bandeja especial para hornear deliciosas pizzas caseras.',15000.00,1),
(60,'Tabla de madera asado','Una tabla resistente para cortar carne asada y otros alimentos.',30000.00,1),
(61,'Plato de madera cavado','Un plato tallado en madera para presentar aperitivos con estilo.',20000.00,1),
(62,'Set de cuchillos de ceramica','Cuchillos afilados y modernos para cortar y preparar alimentos.',30000.00,1),
(63,'Escurridor seca platos','Un soporte práctico para secar platos y utensilios de cocina.',40000.00,1),
(64,'Freidora de aire','Un aparato de cocina que cocina alimentos crujientes con menos aceite.',130000.00,1),
(65,'Waflera y sanwichera','Una máquina versátil para preparar deliciosos waffles y sándwiches.',40000.00,1),
(66,'Plancha a vapor','Una plancha que elimina las arrugas de la ropa con facilidad.',60000.00,1),
(67,'Espejo rectangular de hierr','Un espejo de forma elegante y moderna para tu hogar.',90000.00,1),
(68,'Smart TV 4K UHD 50','Un televisor inteligente de alta definición con tecnología 4K.',250000.00,1),
(69,'Freezer horizontal gafa','Un congelador horizontal espacioso para almacenar alimentos congelados.',350000.00,1),
(70,'Split inverter LG','Un sistema de aire acondicionado eficiente y moderno.',480000.00,1),
(71,'Sommier La Cardeuse','Un colchón de calidad para un descanso confortable.',700000.00,1),
(72,'Jarra enlozada','Jarra de alta calidad con esmalte duradero para un vertido preciso y resistente a manchas.',14000.00,1),
(73,'Cazuelas enlozada','Cazuelas premium enlozadas que distribuyen el calor de manera uniforme para una cocción perfecta.',12000.00,1),
(74,'Bolw dips enlozada','Bolw enlozado de primera calidad para servir salsas y aperitivos con elegancia y durabilidad.',7500.00,1),
(75,'Bolw 12 cm enlozada','Bolw de 12 cm enlozado de alta calidad para servir porciones individuales con una superficie resistente y fácil de limpiar.',7800.00,1),
(76,'Bolw mediano enlozada','Bolw mediano enlozado de primera categoría, versátil y duradero para múltiples usos en la cocina.',20100.00,1),
(77,'Plato racion enlozada','Plato de ración enlozado de calidad superior para presentar comidas principales con estilo y robustez.',8700.00,1),
(78,'Bolw batidor enlozada','Bolw enlozado diseñado para batir ingredientes de manera eficiente, con una construcción resistente y duradera.',2400.00,1),
(79,'Espejo para bano','Espejo para baño',15000.00,1),
(80,'Gabinete para bano mercantil','Gabinite para baño',300000.00,1),
(81,'Vanitory Jame estilo restoration hardware','Vanitorio',370000.00,1);

UNLOCK TABLES;

/*Table structure for table `regalos` */

DROP TABLE IF EXISTS `regalos`;

CREATE TABLE `regalos` (
  `id` int(6) unsigned NOT NULL AUTO_INCREMENT,
  `nombre` varchar(30) NOT NULL,
  `apellido` varchar(30) NOT NULL,
  `email` varchar(50) DEFAULT NULL,
  `telefono` varchar(15) DEFAULT NULL,
  `forma_pago` varchar(30) DEFAULT NULL,
  `monto_total` decimal(10,2) DEFAULT NULL,
  `productos` text DEFAULT NULL,
  `reg_date` timestamp NOT NULL DEFAULT current_timestamp() ON UPDATE current_timestamp(),
  `compartido` varchar(255) DEFAULT NULL,
  `mensaje` text DEFAULT NULL,
  `activo` int(1) DEFAULT NULL,
  PRIMARY KEY (`id`)
) ENGINE=InnoDB AUTO_INCREMENT=163 DEFAULT CHARSET=latin1 COLLATE=latin1_swedish_ci;

/*Data for the table `regalos` */

LOCK TABLES `regalos` WRITE;

insert  into `regalos`(`id`,`nombre`,`apellido`,`email`,`telefono`,`forma_pago`,`monto_total`,`productos`,`reg_date`,`compartido`,`mensaje`,`activo`) values 
(1,'Facundo J','Romero','facundoj.romero@gmail.com','01131648789','tarjeta',15000.00,'Traslado aeropuerto (Cantidad: 1, Subtotal: $15,000.00)','2025-02-19 18:54:15','','',0),
(2,'Facundo J','Romero','facundoj.romero@gmail.com','01131648789','tarjeta',15000.00,'Traslado aeropuerto (Cantidad: 1, Subtotal: $15,000.00)','2025-02-19 18:54:15','','',0),
(3,'Facundo J','Romero','facundoj.romero@gmail.com','01131648789','tarjeta',15000.00,'Traslado aeropuerto (Cantidad: 1, Subtotal: $15,000.00)','2025-02-19 18:54:15','','',0),
(4,'Facundo J','Romero','facundoj.romero@gmail.com','01131648789','tarjeta',15000.00,'Traslado aeropuerto (Cantidad: 1, Subtotal: $15,000.00)','2025-02-19 18:54:16','','',0),
(5,'Facundo J','Romero','facundoj.romero@gmail.com','01131648789','tarjeta',15000.00,'Traslado aeropuerto (Cantidad: 1, Subtotal: $15,000.00)','2025-02-19 18:54:18','','',0),
(6,'Facundo J','Romero','facundoj.romero@gmail.com','01131648789','tarjeta',15000.00,'Traslado aeropuerto (Cantidad: 1, Subtotal: $15,000.00)','2025-02-19 18:58:34','','',0),
(7,'María felicitas','Bullrich','bullrichfelicitas@gmail.com','01151112165','tarjeta',20000.00,'Lampara (Cantidad: 1, Subtotal: $20,000.00)','2025-02-19 18:54:19','Facundo ','Tengamos un hijo Facu',0),
(8,'Facundo J','Romero','facundoj.romero@gmail.com','01131648789','tarjeta',150000.00,'Sillon de un cuerpo (Cantidad: 1, Subtotal: $150,000.00)','2025-02-19 19:02:24','','',0),
(9,'Facundo J','Romero','facundoj.romero@gmail.com','01131648789','tarjeta',150000.00,'Sillon de un cuerpo (Cantidad: 1, Subtotal: $150,000.00)','2025-02-19 19:22:22','','',0),
(10,'Facundo J','Romero','facundoj.romero@gmail.com','01131648789','tarjeta',150000.00,'Sillon de un cuerpo (Cantidad: 1, Subtotal: $150,000.00)','2025-02-19 19:08:36','','',0),
(11,'Facundo J','Romero','facundoj.romero@gmail.com','','tarjeta',90000.00,'Microondas Whirlpool 20 Litros WMS20AS Plata (Cantidad: 1, Subtotal: $90,000.00)','2025-02-19 19:07:21','','celular enviadodpaj',0),
(12,'Facundo J','Romero','facundoj.romero@gmail.com','','tarjeta',90000.00,'Microondas Whirlpool 20 Litros WMS20AS Plata (Cantidad: 1, Subtotal: $90,000.00)','2025-02-19 19:30:05','','celular enviadodpaj',0),
(13,'Facundo J','Romero','facundoj.romero@gmail.com','015','tarjeta',90000.00,'Microondas Whirlpool 20 Litros WMS20AS Plata (Cantidad: 1, Subtotal: $90,000.00)','2025-02-19 19:08:40','','celular enviadodpaj',0),
(14,'Facundo J','Romero','facundoj.romero@gmail.com','015','tarjeta',35000.00,'Sillas estilo provenzal (Cantidad: 1, Subtotal: $35,000.00)','2025-02-19 19:30:37','','',0),
(15,'Facundo J','Romero','facundoj.romero@gmail.com','0111531648789','tarjeta',35000.00,'Sillas estilo provenzal (Cantidad: 1, Subtotal: $35,000.00)','2025-02-19 19:30:08','','',0),
(16,'Facundo J','Romero','facundoj.romero@gmail.com','1131648789','tarjeta',35000.00,'Sillas estilo provenzal (Cantidad: 1, Subtotal: $35,000.00)','2025-02-19 19:39:38','','',0),
(17,'Facundo J','Romero','facundoj.romero@gmail.com','1131648789','tarjeta',35000.00,'Sillas estilo provenzal (Cantidad: 1, Subtotal: $35,000.00)','2025-02-19 19:30:42','','',0),
(18,'Facundo J','Romero','facundoj.romero@gmail.com','1131648789','tarjeta',400000.00,'Hotel all inclusive (Cantidad: 1, Subtotal: $400,000.00)','2025-02-19 19:35:39','Teo, Baltazar, Feli','Espero que este regalo te guste. Y disfrutes.',0),
(19,'Facundo J','Romero','facundoj.romero@gmail.com','1131648789','tarjeta',400000.00,'Hotel all inclusive (Cantidad: 1, Subtotal: $400,000.00)','2025-02-19 19:27:54','Teo, Baltazar, Feli','Espero que este regalo te guste. Y disfrutes.',0),
(20,'Facundo J','Romero','facundoj.romero@gmail.com','1131648789','tarjeta',400000.00,'Hotel all inclusive (Cantidad: 1, Subtotal: $400,000.00)','2025-02-19 18:53:43','Teo, Baltazar, Feli','Espero que este regalo te guste. Y disfrutes.',0),
(21,'Facundo J','Romero','facundoj.romero@gmail.com','1131648789','tarjeta',7800.00,'Bolw 12 cm enlozada (Cantidad: 1, Subtotal: $7,800.00)','2025-02-19 19:30:41','','',0),
(22,'Facundo J','Romero','facundoj.romero@gmail.com','1131648789','tarjeta',10000.00,'Vela aromatica (Cantidad: 1, Subtotal: $10,000.00)','2025-02-19 19:30:40','','',0),
(23,'Facundo J','Romero','facundoj.romero@gmail.com','1131648789','tarjeta',10000.00,'Vela aromatica (Cantidad: 1, Subtotal: $10,000.00)','2025-02-19 18:53:58','','',0),
(24,'Facundo J','Romero','facundoj.romero@gmail.com','1131648789','tarjeta',15000.00,'Traslado aeropuerto (Cantidad: 1, Subtotal: $15,000.00)','2025-02-19 18:54:06','','',0),
(25,'Facundo J','Romero','facundoj.romero@gmail.com','1131648789','tarjeta',55000.00,'Banco (Cantidad: 1, Subtotal: $55,000.00)','2025-02-19 19:30:42','Teo','',0),
(26,'Facundo J','Romero','facundoj.romero@gmail.com','111145454','tarjeta',90000.00,'Microondas Whirlpool 20 Litros WMS20AS Plata (Cantidad: 1, Subtotal: $90,000.00)','2025-02-19 18:54:06','','',0),
(27,'Facundo J','Romero','facundoj.romero@gmail.com','1131648789','transferencia',200000.00,'Cacerola essen (Cantidad: 1, Subtotal: $200,000.00)','2025-02-19 18:54:10','','',0),
(28,'Facundo J','Romero','facundoj.romero@gmail.com','111131648789','tarjeta',35000.00,'Perchero (Cantidad: 1, Subtotal: $35,000.00)','2025-02-19 18:54:06','','',0),
(29,'Facundo','Romero','facundoj.romero@gmail.com','111131648789','tarjeta',30000.00,'Set de cubiertos (Cantidad: 1, Subtotal: $30,000.00)','2025-02-19 18:54:06','','',0),
(30,'Facundo J','Romero','facundoj.romero@gmail.com','111131648789','tarjeta',25000.00,'Almohadon de algodon (Cantidad: 1, Subtotal: $25,000.00)','2025-02-19 18:54:06','','',0),
(31,'Facundo J','Romero','facundoj.romero@gmail.com','111131648789','tarjeta',16000.00,'Set tazas de cafe (Cantidad: 1, Subtotal: $16,000.00)','2025-02-19 18:54:06','','',0),
(32,'Facundo J','Romero','facundoj.romero@gmail.com','111131648789','tarjeta',400000.00,'Hotel all inclusive (Cantidad: 1, Subtotal: $400,000.00)','2025-02-19 18:53:54','','',0),
(33,'Facundo J','Romero','facundoj.romero@gmail.com','111111316489','tarjeta',72000.00,'Cafetera Dolce Gusto (Cantidad: 1, Subtotal: $72,000.00)','2025-02-19 18:54:05','Feli','',0),
(34,'Facundo J','Romero','facundoj.romero@gmail.com','111131648789','tarjeta',500000.00,'Pasajes aeros (Cantidad: 1, Subtotal: $500,000.00)','2025-02-19 18:54:05','','',0),
(35,'Facundo J','Romero','facundoj.romero@gmail.com','111131648789','tarjeta',16000.00,'Set tazas de cafe (Cantidad: 1, Subtotal: $16,000.00)','2025-02-19 18:54:05','','',0),
(36,'Facundo J','Romero','facundoj.romero@gmail.com','111131648789','tarjeta',20000.00,'Plato de madera cavado (Cantidad: 1, Subtotal: $20,000.00)','2025-02-19 18:54:04','','',0),
(37,'Facundo J','Romero','facundoj.romero@gmail.com','111131648789','tarjeta',20000.00,'Lampara (Cantidad: 1, Subtotal: $20,000.00)','2025-02-19 17:50:03','','',0),
(38,'Facundo 1','Romero','facundoj.romero@gmail.com','111131648789','tarjeta',15000.00,'Pizzera (Cantidad: 1, Subtotal: $15,000.00)','2025-02-19 17:47:00','','',0),
(39,'Facundo 2','Romero','facundoj.romero@gmail.com','1131648789','tarjeta',250000.00,'Sillon (Cantidad: 1, Subtotal: $250,000.00)','2025-02-19 18:53:46','','',0),
(40,'Facundo 3','Romero','facundoj.romero@gmail.com','111131648789','tarjeta',10000.00,'Vela aromatica (Cantidad: 1, Subtotal: $10,000.00)','2025-02-19 17:53:05','teodelina','',0),
(41,'Facundo 4','Romero','facundoj.romero@gmail.com','111131648789','tarjeta',7500.00,'Bolw dips enlozada (Cantidad: 1, Subtotal: $7,500.00)','2025-02-19 19:22:12','','',0),
(42,'Facundo 6','Romero','facundoj.romero@gmail.com','11111131518','tarjeta',400000.00,'Hotel all inclusive (Cantidad: 1, Subtotal: $400,000.00)','2025-02-19 19:15:14','','',0),
(43,'Facundo 8','Romero','facundoj.romero@gmail.com','1111548456','tarjeta',35000.00,'Sillas estilo provenzal (Cantidad: 1, Subtotal: $35,000.00)','2025-02-19 19:15:09','','',0),
(44,'Facundo 9','Romero','facundoj.romero@gmail.com','11114545878','tarjeta',12000.00,'Cazuelas enlozada (Cantidad: 1, Subtotal: $12,000.00)','2025-02-19 19:15:07','','',0),
(45,'Facundo 10','Romero','facundoj.romero@gmail.com','11117889895','tarjeta',30000.00,'Tostadora (Cantidad: 1, Subtotal: $30,000.00)','2025-02-19 19:27:47','','',0),
(46,'Facundo 11','Romero','facundoj.romero@gmail.com','1111554848','tarjeta',90000.00,'Microondas Whirlpool 20 Litros WMS20AS Plata (Cantidad: 1, Subtotal: $90,000.00)','2025-02-19 19:27:43','','',0),
(47,'Facundo 12','Romero','facundoj.romero@gmail.com','11118556998','tarjeta',16000.00,'Set tazas de cafe (Cantidad: 1, Subtotal: $16,000.00)','2025-02-19 19:50:16','','',0),
(48,'Facundo 13','Romero','facundoj.romero@gmail.com','1111966523','tarjeta',12000.00,'Cazuelas enlozada (Cantidad: 1, Subtotal: $12,000.00)','2025-02-19 19:47:58','','',0),
(49,'Facundo J','Romero','facundoj.romero@gmail.com','1111887885','tarjeta',16000.00,'Set tazas de cafe (Cantidad: 1, Subtotal: $16,000.00)','2025-02-19 19:51:12','','',0),
(50,'Facundo J','Romero','facundoj.romero@gmail.com','111178569','tarjeta',210000.00,'Mesa estilo provenzal (Cantidad: 1, Subtotal: $210,000.00)','2025-02-19 19:52:17','','',0),
(51,'Facundo J','Romero','facundoj.romero@gmail.com','111145896','tarjeta',35000.00,'Sillas estilo provenzal (Cantidad: 1, Subtotal: $35,000.00)','2025-02-19 19:57:14','','',0),
(52,'Facundo J','Romero','facundoj.romero@gmail.com','111111316489','tarjeta',400000.00,'Hotel all inclusive (Cantidad: 1, Subtotal: $400,000.00)','2025-02-19 19:58:54','','',0),
(53,'Facundo J','Romero','facundoj.romero@gmail.com','111147125896','tarjeta',35000.00,'Pava Electrica (Cantidad: 1, Subtotal: $35,000.00)','2025-02-19 20:06:31','','',0),
(54,'Facundo 16','Romero','facundoj.romero@gmail.com','111178954','tarjeta',35000.00,'Sillas estilo provenzal (Cantidad: 1, Subtotal: $35,000.00)','2025-02-19 20:09:21','','',0),
(55,'Facundo 18','Romero','facundoj.romero@gmail.com','1111741258','tarjeta',500000.00,'Pasajes aeros (Cantidad: 1, Subtotal: $500,000.00)','2025-03-22 21:55:03','','',0),
(56,'Facundo 19','Romero','facundoj.romero@gmail.com','1111785569','tarjeta',16000.00,'Set tazas de cafe (Cantidad: 1, Subtotal: $16,000.00)','2025-06-04 00:27:03','','',0),
(57,'Facundo 20','Romero','facundoj.romero@gmail.com','1111856985','tarjeta',72000.00,'Cafetera Dolce Gusto (Cantidad: 1, Subtotal: $72,000.00)','2025-02-19 20:12:53','','',0),
(58,'Facundo J','Romero','facundoj.romero@gmail.com','11115856','tarjeta',70600.00,'Horno grill Atma 30 litros (Cantidad: 1, Subtotal: $70,600.00)','2025-02-20 16:41:49','','',0),
(59,'Facundo 28','Romero','facundoj.romero@gmail.com','111131648789','tarjeta',72000.00,'Cafetera Dolce Gusto (Cantidad: 1, Subtotal: $72,000.00)','2025-02-19 23:18:03','Feli, Teo, Baltazar, ','Que tengas un feliz año',0),
(60,'Facundo 40','Facundo J','facundoj.romero@gmail.com','5812547859','transferencia',2580000.00,'Sommier La Cardeuse (Cantidad: 1, Subtotal: $700,000.00), Pasajes aeros (Cantidad: 1, Subtotal: $500,000.00), Heladera Bespoke freezer inferior 328L Satin Gray (Cantidad: 1, Subtotal: $650,000.00), Split inverter LG (Cantidad: 1, Subtotal: $480,000.00), Smart TV 4K UHD 50 (Cantidad: 1, Subtotal: $250,000.00)','2025-03-10 20:47:21','','este gran regalo es para vos',0),
(61,'Facundo 15','Romero','facundoj.romero@gmail.com','1131648789','tarjeta',30000.00,'Tostadora (Cantidad: 1, Subtotal: $30,000.00)','2025-06-04 01:09:36','','',0),
(62,'facundo 4','Romero','facundoj.romero@gmail.com','1131648789','tarjeta',535000.00,'Alfombra de yuste (Cantidad: 3, Subtotal: $135,000.00), Hotel all inclusive (Cantidad: 1, Subtotal: $400,000.00)','2025-03-10 21:00:45','Teo','',1),
(63,'Facundo 8569','Roemro','facundoj.romero@gmail.com','1131648789','tarjeta',235000.00,'Sillas estilo provenzal (Cantidad: 6, Subtotal: $210,000.00), Licuadora (Cantidad: 1, Subtotal: $25,000.00)','2025-03-24 17:26:52','Feli, Teo, Balta','Este regalo estoy probando desde el diseño',1),
(64,'Facundo 8569','Roemro','facundoj.romero@gmail.com','1131648789','tarjeta',235000.00,'Sillas estilo provenzal (Cantidad: 6, Subtotal: $210,000.00), Licuadora (Cantidad: 1, Subtotal: $25,000.00)','2025-03-24 18:01:23','Feli, Teo, Balta','Este regalo estoy probando desde el diseño',0),
(65,'Facundo 8569','Roemro','facundoj.romero@gmail.com','1131648789','tarjeta',0.00,'','2025-03-24 18:01:25','Feli','Este regalo estoy probando desde el diseño',0),
(66,'Facundo 74589','Romero','facundoj.romero@gmail.com','1131648789','transferencia',210000.00,'Mesa estilo provenzal (Cantidad: 1, Subtotal: $210,000.00)','2025-03-24 18:01:17','','este ya modiqique el formado del regaldo confimado',0),
(67,'Facundo 74589','Romero','facundoj.romero@gmail.com','1131648789','transferencia',210000.00,'Mesa estilo provenzal (Cantidad: 1, Subtotal: $210,000.00)','2025-03-24 17:50:41','','este ya modiqique el formado del regaldo confimado',1),
(68,'Facundo 1234','Romero','facundoj.romero@gmail.com','1131648789','transferencia',42000.00,'Lampara Paz (Cantidad: 1, Subtotal: $42,000.00)','2025-05-31 22:34:14','','Esta prueba es desde el celular',1),
(69,'Facundo 1234','Romero','facundoj.romero@gmail.com','1131648789','transferencia',42000.00,'Lampara Paz (Cantidad: 1, Subtotal: $42,000.00)','2025-03-24 18:01:12','','Esta prueba es desde el celular',0),
(70,'Facundo J','Facundo J','facundoj.romero@gmail.com','1131648789','tarjeta',210000.00,'Mesa estilo provenzal (Cantidad: 1, Subtotal: $210,000.00)','2025-03-24 18:00:19','','',1),
(71,'María felicitas','Bullrich','bullrichfelicitas@gmail.com','1151112165','transferencia',70600.00,'Horno grill Atma 30 litros (Cantidad: 1, Subtotal: $70,600.00)','2025-03-24 23:51:02','','',1),
(72,'Maria Felicitas','Bullrich','bullrichfelicitas@gmail.com','1146387599','transferencia',90000.00,'Microondas Whirlpool 20 Litros WMS20AS Plata (Cantidad: 1, Subtotal: $90,000.00)','2025-06-04 01:09:31','Baltazar','Este es un regalo de prueba',0),
(73,'Maria Felicitas','Bullrich','bullrichfelicitas@gmail.com','1146387599','transferencia',90000.00,'Microondas Whirlpool 20 Litros WMS20AS Plata (Cantidad: 1, Subtotal: $90,000.00)','2025-06-02 23:58:30','Baltazar','Este es un regalo de prueba',1),
(74,'Maria Felicitas','Bullrich','bullrichfelicitas@gmail.com','1146387599','transferencia',90000.00,'Microondas Whirlpool 20 Litros WMS20AS Plata (Cantidad: 1, Subtotal: $90,000.00)','2025-06-02 23:59:39','Baltazar','Este es un regalo de prueba',1),
(75,'Maria Felicitas','Bullrich','bullrichfelicitas@gmail.com','1146387599','transferencia',90000.00,'Microondas Whirlpool 20 Litros WMS20AS Plata (Cantidad: 1, Subtotal: $90,000.00)','2025-06-03 00:03:22','Baltazar','Este es un regalo de prueba',1),
(76,'Facundo J','Romero','facundoj.romero@gmail.com','1131648789','transferencia',225000.00,'Cacerola essen (Cantidad: 1, Subtotal: $200,000.00), Almohadon de algodon (Cantidad: 1, Subtotal: $25,000.00)','2025-06-27 22:30:38','Feli, Baltazar','Este es un regalo que compartimos',1),
(77,'Facundo J','Romero','facundoj.romero@gmail.com','1131648789','transferencia',1150000.00,'Gabinete para bano mercantil (Cantidad: 1, Subtotal: $300,000.00), Vanitory Jame estilo restoration hardware (Cantidad: 1, Subtotal: $370,000.00), Split inverter LG (Cantidad: 1, Subtotal: $480,000.00)','2025-06-28 15:14:33','Feli, Baltazar','Este es el segundo regalo, ya le modifique formatos',1),
(78,'Facundo J','Romero','facundoj.romero@gmail.com','1131648789','transferencia',1950000.00,'Heladera Bespoke freezer inferior 328L Satin Gray (Cantidad: 3, Subtotal: $1,950,000.00)','2025-06-30 04:23:19','Feli','este es para mejorar el formato del mail',0),
(79,'Facundo J','Romero','facundoj.romero@gmail.com','1131648789','transferencia',1950000.00,'Heladera Bespoke freezer inferior 328L Satin Gray (Cantidad: 3, Subtotal: $1,950,000.00)','2025-06-30 04:23:23','Feli','este es para mejorar el formato del mail',0),
(80,'Facundo J','Romero','facundoj.romero@gmail.com','1131648789','transferencia',400000.00,'Hotel all inclusive (Cantidad: 1, Subtotal: $400,000.00)','2025-06-30 04:23:27','Belen','A este regalo ya le di formato (creo)',0),
(81,'Facundo J','Romero','facundoj.romero@gmail.com','1131648789','transferencia',400000.00,'Hotel all inclusive (Cantidad: 1, Subtotal: $400,000.00)','2025-06-30 04:23:38','Belen','A este regalo ya le di formato (creo)',0),
(82,'Facundo J','Romero','facundoj.romero@gmail.com','1131648789','transferencia',400000.00,'Hotel all inclusive (Cantidad: 1, Subtotal: $400,000.00)','2025-06-30 04:23:29','Belen','A este regalo ya le di formato (creo)',0),
(83,'Facundo J','Romero','facundoj.romero@gmail.com','1131648789','transferencia',400000.00,'Hotel all inclusive (Cantidad: 1, Subtotal: $400,000.00)','2025-06-30 04:23:30','Belen','A este regalo ya le di formato (creo)',0),
(84,'Facundo J','Romero','facundoj.romero@gmail.com','1131648789','transferencia',400000.00,'Hotel all inclusive (Cantidad: 1, Subtotal: $400,000.00)','2025-06-30 04:23:37','Belen','A este regalo ya le di formato (creo)',0),
(85,'Facundo J','Romero','facundoj.romero@gmail.com','1131648789','transferencia',400000.00,'Hotel all inclusive (Cantidad: 1, Subtotal: $400,000.00)','2025-06-30 04:23:32','Belen','A este regalo ya le di formato (creo)',0),
(86,'Facundo J','Romero','facundoj.romero@gmail.com','1131648789','transferencia',400000.00,'Hotel all inclusive (Cantidad: 1, Subtotal: $400,000.00)','2025-06-30 04:23:35','Belen','A este regalo ya le di formato (creo)',0),
(87,'Facundo J','Romero','facundoj.romero@gmail.com','1131648789','transferencia',400000.00,'Hotel all inclusive (Cantidad: 1, Subtotal: $400,000.00)','2025-06-30 04:23:16','Belen','A este regalo ya le di formato (creo)',0),
(88,'Facundo J','Romero','facundoj.romero@gmail.com','1131648789','transferencia',400000.00,'Hotel all inclusive (Cantidad: 1, Subtotal: $400,000.00)','2025-06-30 04:23:14','Belen','A este regalo ya le di formato (creo)',0),
(89,'Facundo J','Romero','facundoj.romero@gmail.com','1131648789','transferencia',400000.00,'Hotel all inclusive (Cantidad: 1, Subtotal: $400,000.00)','2025-06-30 04:23:13','Belen','A este regalo ya le di formato (creo)',0),
(90,'Facundo J','Romero','facundoj.romero@gmail.com','1131648789','transferencia',400000.00,'Hotel all inclusive (Cantidad: 1, Subtotal: $400,000.00)','2025-06-30 04:23:12','Belen','A este regalo ya le di formato (creo)',0),
(91,'Facundo J','Romero','facundoj.romero@gmail.com','1131648789','transferencia',400000.00,'Hotel all inclusive (Cantidad: 1, Subtotal: $400,000.00)','2025-06-30 04:23:11','Belen','A este regalo ya le di formato (creo)',0),
(92,'Facundo J','Romero','facundoj.romero@gmail.com','1131648789','transferencia',400000.00,'Hotel all inclusive (Cantidad: 1, Subtotal: $400,000.00)','2025-06-30 04:23:10','Belen','A este regalo ya le di formato (creo)',0),
(93,'Facundo J','Romero','facundoj.romero@gmail.com','1131648789','transferencia',400000.00,'Hotel all inclusive (Cantidad: 1, Subtotal: $400,000.00)','2025-06-30 04:23:09','Belen','A este regalo ya le di formato (creo)',0),
(94,'Facundo J','Romero','facundoj.romero@gmail.com','1131648789','transferencia',400000.00,'Hotel all inclusive (Cantidad: 1, Subtotal: $400,000.00)','2025-06-30 04:23:07','Belen','A este regalo ya le di formato (creo)',0),
(95,'Facundo J','Romero','facundoj.romero@gmail.com','1131648789','transferencia',400000.00,'Hotel all inclusive (Cantidad: 1, Subtotal: $400,000.00)','2025-06-30 04:23:06','Belen','A este regalo ya le di formato (creo)',0),
(96,'Facundo J','Romero','facundoj.romero@gmail.com','1131648789','transferencia',400000.00,'Hotel all inclusive (Cantidad: 1, Subtotal: $400,000.00)','2025-06-30 04:23:05','Belen','A este regalo ya le di formato (creo)',0),
(97,'Facundo J','Romero','facundoj.romero@gmail.com','1131648789','transferencia',400000.00,'Hotel all inclusive (Cantidad: 1, Subtotal: $400,000.00)','2025-06-30 04:23:04','Belen','A este regalo ya le di formato (creo)',0),
(98,'Facundo J','Romero','facundoj.romero@gmail.com','1131648789','transferencia',400000.00,'Hotel all inclusive (Cantidad: 1, Subtotal: $400,000.00)','2025-06-30 04:23:03','Belen','A este regalo ya le di formato (creo)',0),
(99,'Facundo J','Romero','facundoj.romero@gmail.com','1131648789','transferencia',400000.00,'Hotel all inclusive (Cantidad: 1, Subtotal: $400,000.00)','2025-06-30 04:23:02','Belen','A este regalo ya le di formato (creo)',0),
(100,'Facundo J','Romero','facundoj.romero@gmail.com','1131648789','transferencia',400000.00,'Hotel all inclusive (Cantidad: 1, Subtotal: $400,000.00)','2025-06-30 04:23:01','Belen','A este regalo ya le di formato (creo)',0),
(101,'Facundo J','Romero','facundoj.romero@gmail.com','1131648789','transferencia',400000.00,'Hotel all inclusive (Cantidad: 1, Subtotal: $400,000.00)','2025-06-30 04:23:00','Belen','A este regalo ya le di formato (creo)',0),
(102,'Facundo J','Romero','facundoj.romero@gmail.com','1131648789','transferencia',400000.00,'Hotel all inclusive (Cantidad: 1, Subtotal: $400,000.00)','2025-06-30 04:22:59','Belen','A este regalo ya le di formato (creo)',0),
(103,'Facundo J','Romero','facundoj.romero@gmail.com','1131648789','transferencia',400000.00,'Hotel all inclusive (Cantidad: 1, Subtotal: $400,000.00)','2025-06-30 04:22:58','Belen','A este regalo ya le di formato (creo)',0),
(104,'Facundo J','Romero','facundoj.romero@gmail.com','1131648789','transferencia',400000.00,'Hotel all inclusive (Cantidad: 1, Subtotal: $400,000.00)','2025-06-30 04:22:57','Belen','A este regalo ya le di formato (creo)',0),
(105,'Facundo J','Romero','facundoj.romero@gmail.com','1131648789','transferencia',400000.00,'Hotel all inclusive (Cantidad: 1, Subtotal: $400,000.00)','2025-06-30 04:22:56','Belen','A este regalo ya le di formato (creo)',0),
(106,'Facundo J','Romero','facundoj.romero@gmail.com','1131648789','transferencia',400000.00,'Hotel all inclusive (Cantidad: 1, Subtotal: $400,000.00)','2025-06-30 04:22:55','Belen','A este regalo ya le di formato (creo)',0),
(107,'Facundo J','Romero','facundoj.romero@gmail.com','1131648789','transferencia',400000.00,'Hotel all inclusive (Cantidad: 1, Subtotal: $400,000.00)','2025-06-30 04:22:54','Belen','A este regalo ya le di formato (creo)',0),
(108,'Facundo J','Romero','facundoj.romero@gmail.com','1131648789','transferencia',400000.00,'Hotel all inclusive (Cantidad: 1, Subtotal: $400,000.00)','2025-06-30 04:22:53','Belen','A este regalo ya le di formato (creo)',0),
(109,'Facundo J','Romero','facundoj.romero@gmail.com','1131648789','transferencia',400000.00,'Hotel all inclusive (Cantidad: 1, Subtotal: $400,000.00)','2025-06-30 04:22:51','Belen','A este regalo ya le di formato (creo)',0),
(110,'Facundo J','Romero','facundoj.romero@gmail.com','1131648789','transferencia',400000.00,'Hotel all inclusive (Cantidad: 1, Subtotal: $400,000.00)','2025-06-30 04:22:51','Belen','A este regalo ya le di formato (creo)',0),
(111,'Facundo J','Romero','facundoj.romero@gmail.com','1131648789','transferencia',400000.00,'Hotel all inclusive (Cantidad: 1, Subtotal: $400,000.00)','2025-06-30 04:22:50','Belen','A este regalo ya le di formato (creo)',0),
(112,'Facundo J','Romero','facundoj.romero@gmail.com','1131648789','transferencia',400000.00,'Hotel all inclusive (Cantidad: 1, Subtotal: $400,000.00)','2025-06-30 04:22:49','Belen','A este regalo ya le di formato (creo)',0),
(113,'Facundo J','Romero','facundoj.romero@gmail.com','1131648789','transferencia',400000.00,'Hotel all inclusive (Cantidad: 1, Subtotal: $400,000.00)','2025-06-30 04:22:48','Belen','A este regalo ya le di formato (creo)',0),
(114,'Facundo J','Romero','facundoj.romero@gmail.com','1131648789','transferencia',500000.00,'Pasajes aeros (Cantidad: 1, Subtotal: $500,000.00)','2025-06-30 04:22:48','','nuevo regalo',0),
(115,'Facundo J','Romero','facundoj.romero@gmail.com','1131648789','transferencia',500000.00,'Pasajes aeros (Cantidad: 1, Subtotal: $500,000.00)','2025-06-30 04:22:47','','nuevo regalo',0),
(116,'Facundo J','Romero','facundoj.romero@gmail.com','1131648789','tarjeta',35000.00,'Sillas estilo provenzal (Cantidad: 1, Subtotal: $35,000.00)','2025-06-30 04:22:47','','',0),
(117,'Facundo J','Romero','facundoj.romero@gmail.com','1131648789','transferencia',0.00,'','2025-06-30 04:22:13','Feli, Teo, Baltazar','Que disfrutes',0),
(118,'Facundo J','Romero','facundoj.romero@gmail.com','1131648789','transferencia',650000.00,'Heladera Bespoke freezer inferior 328L Satin Gray (Cantidad: 1, Subtotal: $650,000.00)','2025-06-30 04:24:39','Teo','Se registra?',1),
(119,'Facundo J','Romero','facundoj.romero@gmail.com','1131648789','transferencia',35000.00,'Sillas estilo provenzal (Cantidad: 1, Subtotal: $35,000.00)','2025-07-01 00:02:43','Baltazar','Este mail ya debería salir por el smtp',1),
(120,'Facundo J','Romero','facundoj.romero@gmail.com','1131648789','transferencia',70600.00,'Horno grill Atma 30 litros (Cantidad: 1, Subtotal: $70,600.00)','2025-07-01 00:07:14','Felicitas','este mail tambien ya configure para que al cliente le llegue mail por smtp',1),
(121,'Facundo J','Romero','facundoj.romero@gmail.com','1131648789','transferencia',42000.00,'Lampara Paz (Cantidad: 1, Subtotal: $42,000.00)','2025-07-02 23:13:21','','este regalo va para ver como ya le doy formato al mail',0),
(122,'Facundo J','Romero','facundoj.romero@gmail.com','1131648789','transferencia',650000.00,'Heladera Bespoke freezer inferior 328L Satin Gray (Cantidad: 1, Subtotal: $650,000.00)','2025-07-08 14:59:17','','acá ya quise modificar el formato, pero no creo que funcione.',0),
(123,'Facundo J','Romero','facundoj.romero@gmail.com','1131648789','transferencia',650000.00,'Heladera Bespoke freezer inferior 328L Satin Gray (Cantidad: 1, Subtotal: $650,000.00)','2025-07-02 23:03:54','','acá ya quise modificar el formato, pero no creo que funcione.',0),
(124,'Facundo J','Romero','facundoj.romero@gmail.com','1131648789','transferencia',16000.00,'Set tazas de cafe (Cantidad: 1, Subtotal: $16,000.00)','2025-07-02 23:03:43','','este regalo ya le precunte a chatgpt',0),
(125,'Facundo','Romero','facundoj.romero@gmail.com','1131648789','transferencia',225000.00,'Lavarropas carga frontal samsung 6 KG (Cantidad: 1, Subtotal: $225,000.00)','2025-07-01 23:06:39','','acá ya le puse el precio al lado',1),
(126,'Facundo','Romero','facundoj.romero@gmail.com','1131648789','transferencia',80000.00,'Banqueta de cuero (Cantidad: 1, Subtotal: $80,000.00)','2025-07-02 23:02:38','Baltazar, Felicitas','acá le agregue detlle de la tarjeta',0),
(127,'Facundo J','Romero','facundoj.romero@gmail.com','1131648789','transferencia',250000.00,'Sillon (Cantidad: 1, Subtotal: $250,000.00)','2025-07-02 23:02:33','Baltazar','Hola',0),
(128,'Facundo J','Romero','facundoj.romero@gmail.com','1131648789','transferencia',72000.00,'Cafetera Dolce Gusto (Cantidad: 1, Subtotal: $72,000.00)','2025-07-02 23:13:24','','este no comparto con nadie. e inclui para que llegue el mensaje tambien al comprador.',0),
(129,'Facundo J','Romero','facundoj.romero@gmail.com','1131648789','transferencia',72000.00,'Cafetera Dolce Gusto (Cantidad: 1, Subtotal: $72,000.00)','2025-07-02 23:14:12','','este no comparto con nadie. e inclui para que llegue el mensaje tambien al comprador.',1),
(130,'Facundo J','Romero','facundoj.romero@gmail.com','1131648789','transferencia',35000.00,'Perchero (Cantidad: 1, Subtotal: $35,000.00)','2025-07-08 15:03:09','Baltazar','en este mail, ya al que le regalan debe llegar ok con todo el formato nuevo',0),
(131,'Facundo','Romero','facundoj.romero@gmail.com','1131648789','transferencia',250000.00,'Sillon (Cantidad: 1, Subtotal: $250,000.00)','2025-07-08 14:55:23','Felicitas','en este regalo. le tiene que llegar mensaje a quien regala.',0),
(132,'Facundo','Romero','facundoj.romero@gmail.com','1131648789','transferencia',250000.00,'Sillon (Cantidad: 1, Subtotal: $250,000.00)','2025-07-08 15:07:58','Felicitas','en este regalo. le tiene que llegar mensaje a quien regala.',0),
(133,'Facundo J','Romero','facundoj.romero@gmail.com','1131648789','tarjeta',16000.00,'Set tazas de cafe (Cantidad: 1, Subtotal: $16,000.00)','2025-07-02 00:57:44','Belen','este ya modifique',1),
(134,'Facundo J','Romero','facundoj.romero@gmail.com','1131648789','tarjeta',16000.00,'Set tazas de cafe (Cantidad: 1, Subtotal: $16,000.00)','2025-07-02 00:58:05','Belen','este ya modifique',1),
(135,'Facundo J','Romero','facundoj.romero@gmail.com','1131648789','tarjeta',16000.00,'Set tazas de cafe (Cantidad: 1, Subtotal: $16,000.00)','2025-07-02 00:58:33','Belen','este ya modifique',1),
(136,'Facundo J','Romero','facundoj.romero@gmail.com','1131648789','transferencia',75000.00,'Juego de toallas (Cantidad: 1, Subtotal: $50,000.00), Almohadon de algodon (Cantidad: 1, Subtotal: $25,000.00)','2025-07-02 02:06:15','Baltazar','acá modifique el archivo procesar_compra.php',1),
(137,'Facundo J','Romero','facundoj.romero@gmail.com','1131648789','transferencia',72000.00,'Cafetera Dolce Gusto (Cantidad: 1, Subtotal: $72,000.00)','2025-07-02 02:25:30','','',1),
(138,'Facundo J','Romero','facundoj.romero@gmail.com','1131648789','transferencia',70600.00,'Horno grill Atma 30 litros (Cantidad: 1, Subtotal: $70,600.00)','2025-07-02 02:36:07','','',1),
(139,'Facundo','Romero','facundoj.romero@gmail.com','1131648789','transferencia',85000.00,'Respaldo de cama (Cantidad: 1, Subtotal: $85,000.00)','2025-07-02 02:46:28','','acá ya le agregue para que vincule al link del administrador',1),
(140,'Facundo J','Romero','facundoj.romero@gmail.com','1131648789','transferencia',25000.00,'Puff (Cantidad: 1, Subtotal: $25,000.00)','2025-07-02 03:01:40','Belen','este regalo es para ver si vincula',1),
(141,'Facundo J','Romero','facundoj.romero@gmail.com','1131648789','transferencia',42000.00,'Lampara Paz (Cantidad: 1, Subtotal: $42,000.00)','2025-07-02 03:07:44','','este ya le agregue el link para que vincule al administrador',1),
(142,'Facundo J','Romero','facundoj.romero@gmail.com','1131648789','tarjeta',400000.00,'Hotel all inclusive (Cantidad: 1, Subtotal: $400,000.00)','2025-07-02 03:14:10','Teo','acá ya le agregue para que vincule a la misma seccion',1),
(143,'Facundo','Romero','facundoj.romero@gmail.com','1131648789','transferencia',43000.00,'Espejo de hierro (Cantidad: 1, Subtotal: $43,000.00)','2025-07-02 03:25:53','','a este mail ya le agregue el mensaje, con un formato más lindo',1),
(144,'Facundo J','Romero','facundoj.romero@gmail.com','1131648789','transferencia',15000.00,'Traslado aeropuerto (Cantidad: 1, Subtotal: $15,000.00)','2025-07-02 23:28:12','','',1),
(145,'Facundo J','Romero','facundoj.romero@gmail.com','1131648789','transferencia',55000.00,'Banco (Cantidad: 1, Subtotal: $55,000.00)','2025-07-02 23:55:53','','acá puse para que cambie el formato del decimal. osea al revez todo.',1),
(146,'Facundo J','Romero','facundoj.romero@gmail.com','1131648789','transferencia',72000.00,'Cafetera Dolce Gusto (Cantidad: 1, Subtotal: $72,000.00)','2025-07-02 23:57:32','','no funciono el anterior',1),
(147,'Facundo J','Romero','facundoj.romero@gmail.com','1131648789','transferencia',580000.00,'Pasajes aeros (Cantidadzzzzzzzzzzz: 1, Subtotal: $500,000.00), Banqueta de cuero (Cantidadzzzzzzzzzzz: 1, Subtotal: $80,000.00)','2025-07-03 01:36:00','Belen','este no se porque sale 2 productos. voy a probar depues otro regalo',0),
(148,'Facundo J','Romero','facundoj.romero@gmail.com','1131648789','transferencia',225000.00,'Lavarropas carga frontal samsung 6 KG (Cantidad: 1, Subtotal: $225.000,00)','2025-07-03 00:04:00','','este sí debe funcionar',1),
(149,'Facundo J','Romero','facundoj.romero@gmail.com','1131648789','transferencia',35000.00,'Pava Electrica (Cantidad: 1, Subtotal: $35.000,00)','2025-07-03 01:01:10','','acá probe que muestre el cbu, alias, y tiular. ',1),
(150,'Facundo J','Romero','facundoj.romero@gmail.com','1131648789','transferencia',10000.00,'Vela aromatica (Cantidad: 1, Subtotal: $10.000,00)','2025-07-03 01:04:01','','este ya agregue para que en el mail llegue los datos. porque en la compra me aparece',1),
(151,'Facundo J','Romero','facundoj.romero@gmail.com','1131648789','transferencia',25000.00,'Puff (Cantidad: 1, Subtotal: $25.000,00)','2025-07-03 01:11:45','','acá le modique el formato cuando, pero no del mail.',1),
(152,'Facundo J','Romero','facundoj.romero@gmail.com','1131648789','transferencia',43000.00,'Espejo de hierro (Cantidad: 1, Subtotal: $43.000,00)','2025-08-04 21:12:33','','acá le di otra oportnudidad para el formato',0),
(153,'Facundo J','Romero','facundoj.romero@gmail.com','1131648789','transferencia',200000.00,'Cacerola essen (Cantidad: 1, Subtotal: $200.000,00)','2025-07-03 01:20:40','','acá ya tambien le di formato',1),
(154,'Facundo J','Romero','facundoj.romero@gmail.com','1131648789','transferencia',55000.00,'Banco (Cantidad: 1, Subtotal: $55.000,00)','2025-07-03 01:24:22','','este no comparto con nadie',1),
(155,'Facundo J','Romero','facundoj.romero@gmail.com','1131648789','transferencia',30000.00,'Set de cubiertos (Cantidad: 1, Subtotal: $30.000,00)','2025-07-08 14:53:18','Feli','este regalo comparto con Feli',0),
(156,'Facundo J','Romero','facundoj.romero@gmail.com','1131648789','tarjeta',15000.00,'Pizzera (Cantidad: 1, Subtotal: $15.000,00)','2025-07-03 01:29:43','Baltazar','a este le quite index.php, sin que sea vea.',1),
(157,'Facundo J','Romero','facundoj.romero@gmail.com','1131648789','transferencia',9000.00,'Individuales de mesa (Cantidad: 1, Subtotal: $9.000,00)','2025-07-03 01:34:07','','este ya debe funcionar',1),
(158,'Facundo J','Romero','facundoj.romero@gmail.com','1131648789','transferencia',90000.00,'Microondas Whirlpool 20 Litros WMS20AS Plata (Cantidad: 1, Subtotal: $90.000,00)','2025-07-06 21:38:27','Felicitas','Este regalo es porque estoy modificando los menu del los procesos de compra',1),
(159,'Facundo J','Romero','facundoj.romero@gmail.com','1131648789','transferencia',65000.00,'Batidora (Cantidad: 1, Subtotal: $65.000,00)','2025-07-06 21:42:29','Baltazar','haber si regala bien esto!',1),
(160,'Feli','Bullricj ','bullrichfelicitas@gmail.com','1151112168','transferencia',16000.00,'Set tazas de cafe (Cantidad: 1, Subtotal: $16.000,00)','2025-07-06 22:25:13','Baltazar ','Feliz día del padre ',1),
(161,'Facundo J','Romero','facundoj.romero@gmail.com','1131648789','transferencia',700000.00,'Sommier La Cardeuse (Cantidad: 1, Subtotal: $700.000,00)','2025-07-07 04:14:01','','Regala desde el cel',1),
(162,'Facundo J','Romero','facundoj.romero@gmail.com','1131648789','transferencia',210000.00,'Mesa estilo provenzal (Cantidad: 1, Subtotal: $210.000,00)','2025-08-03 00:28:12','Felicitas','aca es para ver si inclue compardito',1);

UNLOCK TABLES;

/*Table structure for table `regalos_confirmacion` */

DROP TABLE IF EXISTS `regalos_confirmacion`;

CREATE TABLE `regalos_confirmacion` (
  `id` int(6) unsigned NOT NULL AUTO_INCREMENT,
  `regalo_id` int(6) unsigned NOT NULL,
  `confirm_date` timestamp NOT NULL DEFAULT current_timestamp(),
  PRIMARY KEY (`id`),
  KEY `regalo_id` (`regalo_id`),
  CONSTRAINT `regalos_confirmacion_ibfk_1` FOREIGN KEY (`regalo_id`) REFERENCES `regalos` (`id`)
) ENGINE=InnoDB AUTO_INCREMENT=112 DEFAULT CHARSET=latin1 COLLATE=latin1_swedish_ci;

/*Data for the table `regalos_confirmacion` */

LOCK TABLES `regalos_confirmacion` WRITE;

insert  into `regalos_confirmacion`(`id`,`regalo_id`,`confirm_date`) values 
(1,20,'2025-02-18 01:07:15'),
(2,23,'2025-02-18 01:11:43'),
(3,25,'2025-02-18 01:11:52'),
(4,16,'2025-02-18 01:33:40'),
(5,18,'2025-02-18 01:33:44'),
(6,18,'2025-02-18 01:35:26'),
(7,25,'2025-02-18 01:36:21'),
(8,17,'2025-02-18 01:42:50'),
(9,19,'2025-02-18 01:43:42'),
(10,21,'2025-02-18 01:43:44'),
(11,22,'2025-02-18 01:43:51'),
(12,15,'2025-02-18 03:37:51'),
(13,14,'2025-02-18 03:37:54'),
(14,13,'2025-02-18 03:37:58'),
(15,12,'2025-02-18 03:38:01'),
(16,10,'2025-02-18 03:38:05'),
(17,11,'2025-02-18 03:38:07'),
(18,9,'2025-02-18 03:38:09'),
(19,8,'2025-02-18 03:38:13'),
(20,6,'2025-02-18 03:38:15'),
(21,7,'2025-02-18 03:38:17'),
(22,5,'2025-02-18 03:38:20'),
(23,4,'2025-02-18 03:38:22'),
(24,3,'2025-02-18 03:38:24'),
(25,2,'2025-02-18 03:38:26'),
(26,1,'2025-02-18 03:38:28'),
(27,27,'2025-02-18 03:38:33'),
(30,26,'2025-02-18 19:12:32'),
(31,24,'2025-02-18 19:18:03'),
(32,28,'2025-02-18 19:26:16'),
(33,29,'2025-02-18 19:28:27'),
(34,30,'2025-02-18 19:37:00'),
(35,31,'2025-02-18 19:45:01'),
(36,33,'2025-02-18 19:49:10'),
(37,35,'2025-02-18 19:52:01'),
(38,34,'2025-02-18 19:52:32'),
(39,32,'2025-02-18 19:57:08'),
(40,36,'2025-02-18 22:11:47'),
(41,20,'2025-02-18 22:29:03'),
(42,23,'2025-02-18 22:29:09'),
(43,20,'2025-02-18 22:29:12'),
(44,39,'2025-02-19 17:39:33'),
(45,40,'2025-02-19 17:52:51'),
(46,41,'2025-02-19 19:09:27'),
(47,42,'2025-02-19 19:11:39'),
(48,43,'2025-02-19 19:12:15'),
(49,44,'2025-02-19 19:12:52'),
(50,45,'2025-02-19 19:15:53'),
(51,46,'2025-02-19 19:20:41'),
(52,47,'2025-02-19 19:30:56'),
(53,48,'2025-02-19 19:45:01'),
(54,49,'2025-02-19 19:50:59'),
(55,50,'2025-02-19 19:52:11'),
(56,51,'2025-02-19 19:53:25'),
(57,52,'2025-02-19 19:57:46'),
(58,53,'2025-02-19 20:00:00'),
(59,54,'2025-02-19 20:09:11'),
(60,57,'2025-02-19 20:12:42'),
(61,56,'2025-02-19 20:12:46'),
(62,55,'2025-02-19 20:13:50'),
(63,59,'2025-02-19 23:17:51'),
(64,58,'2025-02-19 23:18:19'),
(65,60,'2025-02-21 20:21:28'),
(73,63,'2025-06-02 22:53:50'),
(74,61,'2025-06-02 22:53:55'),
(75,72,'2025-06-02 23:57:41'),
(76,73,'2025-06-02 23:58:35'),
(77,74,'2025-06-03 00:03:04'),
(78,75,'2025-06-04 02:47:30'),
(79,77,'2025-06-28 15:14:54'),
(80,76,'2025-06-28 15:15:25'),
(81,118,'2025-06-30 04:27:18'),
(82,125,'2025-07-02 03:28:45'),
(83,140,'2025-07-02 03:28:48'),
(84,138,'2025-07-02 03:28:50'),
(85,142,'2025-07-02 22:49:29'),
(86,137,'2025-07-02 22:50:33'),
(87,119,'2025-07-02 22:53:36'),
(88,143,'2025-07-02 22:53:46'),
(89,141,'2025-07-02 22:53:50'),
(90,139,'2025-07-02 22:55:34'),
(91,136,'2025-07-02 22:58:37'),
(92,135,'2025-07-02 22:59:28'),
(93,134,'2025-07-02 22:59:59'),
(94,133,'2025-07-02 23:01:52'),
(95,132,'2025-07-02 23:02:18'),
(96,131,'2025-07-02 23:02:24'),
(97,130,'2025-07-02 23:02:26'),
(98,129,'2025-07-02 23:02:28'),
(99,128,'2025-07-02 23:02:30'),
(100,121,'2025-07-02 23:05:14'),
(101,120,'2025-07-02 23:05:43'),
(102,122,'2025-07-02 23:05:52'),
(103,155,'2025-07-03 01:36:08'),
(104,160,'2025-07-06 22:26:50'),
(105,161,'2025-07-08 14:53:04'),
(106,156,'2025-07-08 15:09:26'),
(108,154,'2025-07-08 15:09:33'),
(111,152,'2025-08-02 23:15:41');

UNLOCK TABLES;

/*Table structure for table `regalos_detalles` */

DROP TABLE IF EXISTS `regalos_detalles`;

CREATE TABLE `regalos_detalles` (
  `id` int(11) NOT NULL AUTO_INCREMENT,
  `regalo_id` int(6) unsigned NOT NULL,
  `producto_id` int(11) NOT NULL,
  `cantidad` int(11) NOT NULL,
  `subtotal` decimal(10,2) NOT NULL,
  PRIMARY KEY (`id`),
  KEY `regalo_id` (`regalo_id`),
  KEY `producto_id` (`producto_id`),
  CONSTRAINT `regalos_detalles_ibfk_1` FOREIGN KEY (`regalo_id`) REFERENCES `regalos` (`id`),
  CONSTRAINT `regalos_detalles_ibfk_2` FOREIGN KEY (`producto_id`) REFERENCES `productos` (`id`)
) ENGINE=InnoDB AUTO_INCREMENT=173 DEFAULT CHARSET=latin1 COLLATE=latin1_swedish_ci;

/*Data for the table `regalos_detalles` */

LOCK TABLES `regalos_detalles` WRITE;

insert  into `regalos_detalles`(`id`,`regalo_id`,`producto_id`,`cantidad`,`subtotal`) values 
(1,1,19,1,15000.00),
(2,2,19,1,15000.00),
(3,3,19,1,15000.00),
(4,4,19,1,15000.00),
(5,5,19,1,15000.00),
(6,6,19,1,15000.00),
(7,7,24,1,20000.00),
(8,8,26,1,150000.00),
(9,9,26,1,150000.00),
(10,10,26,1,150000.00),
(11,11,2,1,90000.00),
(12,12,2,1,90000.00),
(13,13,2,1,90000.00),
(14,14,4,1,35000.00),
(15,15,4,1,35000.00),
(16,16,4,1,35000.00),
(17,17,4,1,35000.00),
(18,18,6,1,400000.00),
(19,19,6,1,400000.00),
(20,20,6,1,400000.00),
(21,21,75,1,7800.00),
(22,22,22,1,10000.00),
(23,23,22,1,10000.00),
(24,24,19,1,15000.00),
(25,25,15,1,55000.00),
(26,26,2,1,90000.00),
(27,27,57,1,200000.00),
(28,28,50,1,35000.00),
(29,29,21,1,30000.00),
(30,30,56,1,25000.00),
(31,31,7,1,16000.00),
(32,32,6,1,400000.00),
(33,33,12,1,72000.00),
(34,34,5,1,500000.00),
(35,35,7,1,16000.00),
(36,36,61,1,20000.00),
(37,37,24,1,20000.00),
(38,38,59,1,15000.00),
(39,39,17,1,250000.00),
(40,40,22,1,10000.00),
(41,41,74,1,7500.00),
(42,42,6,1,400000.00),
(43,43,4,1,35000.00),
(44,44,73,1,12000.00),
(45,45,29,1,30000.00),
(46,46,2,1,90000.00),
(47,47,7,1,16000.00),
(48,48,73,1,12000.00),
(49,49,7,1,16000.00),
(50,50,3,1,210000.00),
(51,51,4,1,35000.00),
(52,52,6,1,400000.00),
(53,53,11,1,35000.00),
(54,54,4,1,35000.00),
(55,55,5,1,500000.00),
(56,56,7,1,16000.00),
(57,57,12,1,72000.00),
(58,58,8,1,70600.00),
(59,59,12,1,72000.00),
(60,60,71,1,700000.00),
(61,60,5,1,500000.00),
(62,60,1,1,650000.00),
(63,60,70,1,480000.00),
(64,60,68,1,250000.00),
(65,61,29,1,30000.00),
(66,62,25,3,135000.00),
(67,62,6,1,400000.00),
(68,63,4,6,210000.00),
(69,63,28,1,25000.00),
(70,64,4,6,210000.00),
(71,64,28,1,25000.00),
(72,66,3,1,210000.00),
(73,67,3,1,210000.00),
(74,68,14,1,42000.00),
(75,69,14,1,42000.00),
(76,70,3,1,210000.00),
(77,71,8,1,70600.00),
(78,72,2,1,90000.00),
(79,73,2,1,90000.00),
(80,74,2,1,90000.00),
(81,75,2,1,90000.00),
(82,76,57,1,200000.00),
(83,76,56,1,25000.00),
(84,77,80,1,300000.00),
(85,77,81,1,370000.00),
(86,77,70,1,480000.00),
(87,78,1,3,1950000.00),
(88,79,1,3,1950000.00),
(89,80,6,1,400000.00),
(90,81,6,1,400000.00),
(91,82,6,1,400000.00),
(92,83,6,1,400000.00),
(93,84,6,1,400000.00),
(94,85,6,1,400000.00),
(95,86,6,1,400000.00),
(96,87,6,1,400000.00),
(97,88,6,1,400000.00),
(98,89,6,1,400000.00),
(99,90,6,1,400000.00),
(100,91,6,1,400000.00),
(101,92,6,1,400000.00),
(102,93,6,1,400000.00),
(103,94,6,1,400000.00),
(104,95,6,1,400000.00),
(105,96,6,1,400000.00),
(106,97,6,1,400000.00),
(107,98,6,1,400000.00),
(108,99,6,1,400000.00),
(109,100,6,1,400000.00),
(110,101,6,1,400000.00),
(111,102,6,1,400000.00),
(112,103,6,1,400000.00),
(113,104,6,1,400000.00),
(114,105,6,1,400000.00),
(115,106,6,1,400000.00),
(116,107,6,1,400000.00),
(117,108,6,1,400000.00),
(118,109,6,1,400000.00),
(119,110,6,1,400000.00),
(120,111,6,1,400000.00),
(121,112,6,1,400000.00),
(122,113,6,1,400000.00),
(123,114,5,1,500000.00),
(124,115,5,1,500000.00),
(125,116,4,1,35000.00),
(126,118,1,1,650000.00),
(127,119,4,1,35000.00),
(128,120,8,1,70600.00),
(129,121,14,1,42000.00),
(130,122,1,1,650000.00),
(131,123,1,1,650000.00),
(132,124,7,1,16000.00),
(133,125,10,1,225000.00),
(134,126,18,1,80000.00),
(135,127,17,1,250000.00),
(136,128,12,1,72000.00),
(137,129,12,1,72000.00),
(138,130,50,1,35000.00),
(139,131,17,1,250000.00),
(140,132,17,1,250000.00),
(141,133,7,1,16000.00),
(142,134,7,1,16000.00),
(143,135,7,1,16000.00),
(144,136,9,1,50000.00),
(145,136,56,1,25000.00),
(146,137,12,1,72000.00),
(147,138,8,1,70600.00),
(148,139,16,1,85000.00),
(149,140,13,1,25000.00),
(150,141,14,1,42000.00),
(151,142,6,1,400000.00),
(152,143,20,1,43000.00),
(153,144,19,1,15000.00),
(154,145,15,1,55000.00),
(155,146,12,1,72000.00),
(156,147,5,1,500000.00),
(157,147,18,1,80000.00),
(158,148,10,1,225000.00),
(159,149,11,1,35000.00),
(160,150,22,1,10000.00),
(161,151,13,1,25000.00),
(162,152,20,1,43000.00),
(163,153,57,1,200000.00),
(164,154,15,1,55000.00),
(165,155,21,1,30000.00),
(166,156,59,1,15000.00),
(167,157,39,1,9000.00),
(168,158,2,1,90000.00),
(169,159,33,1,65000.00),
(170,160,7,1,16000.00),
(171,161,71,1,700000.00),
(172,162,3,1,210000.00);

UNLOCK TABLES;

/*Table structure for table `user` */

DROP TABLE IF EXISTS `user`;

CREATE TABLE `user` (
  `id` int(11) NOT NULL AUTO_INCREMENT,
  `email` varchar(255) NOT NULL,
  `password` varchar(255) NOT NULL,
  `fecha_registro` timestamp NULL DEFAULT current_timestamp(),
  PRIMARY KEY (`id`),
  UNIQUE KEY `email` (`email`)
) ENGINE=InnoDB AUTO_INCREMENT=4 DEFAULT CHARSET=utf8mb4 COLLATE=utf8mb4_unicode_ci;

/*Data for the table `user` */

LOCK TABLES `user` WRITE;

insert  into `user`(`id`,`email`,`password`,`fecha_registro`) values 
(1,'facundo.jr07@gmail.com','$2y$10$HHz0fSIp/vmnqSwqf/1LxOkwPWiy7BKyty5Dgy8huo1LeUUhTgWji','2025-02-17 19:59:24'),
(2,'info@dijequesi.com','$2y$10$PVALEWKmmHzBkqfC1Yrpse6rNa5NI1VZaH6KzbikN7DHSfxlOh9DK','2025-07-30 19:56:30'),
(3,'facundojr.07@gmail.com','$2y$10$up1wIj80koJ0wLBEHrh9CekvlcaptzTGmpIEV.82QyczSJ1yWJGFO','2025-08-02 00:33:22');

UNLOCK TABLES;

/*Table structure for table `visitas` */

DROP TABLE IF EXISTS `visitas`;

CREATE TABLE `visitas` (
  `id` int(11) NOT NULL AUTO_INCREMENT,
  `fecha_visita` timestamp NULL DEFAULT current_timestamp(),
  `ip_usuario` varchar(45) NOT NULL,
  `pagina_visitada` varchar(255) NOT NULL,
  PRIMARY KEY (`id`)
) ENGINE=InnoDB AUTO_INCREMENT=4 DEFAULT CHARSET=utf8mb4 COLLATE=utf8mb4_unicode_ci;

/*Data for the table `visitas` */

LOCK TABLES `visitas` WRITE;

insert  into `visitas`(`id`,`fecha_visita`,`ip_usuario`,`pagina_visitada`) values 
(1,'2025-08-06 13:22:20','181.44.118.150','/regalos_casamiento_v2/'),
(2,'2025-08-06 13:37:55','2800:810:53e:1a53:de3:f0eb:6eee:2972','/regalos_casamiento_v2/'),
(3,'2025-08-06 14:31:08','181.44.118.150','/regalos_casamiento_v2/');

UNLOCK TABLES;

/*!40101 SET SQL_MODE=@OLD_SQL_MODE */;
/*!40014 SET FOREIGN_KEY_CHECKS=@OLD_FOREIGN_KEY_CHECKS */;
/*!40014 SET UNIQUE_CHECKS=@OLD_UNIQUE_CHECKS */;
/*!40111 SET SQL_NOTES=@OLD_SQL_NOTES */;
